GPSWeek,GPSTime,imu_lon,imu_lat,imu_altitude,headingAngle,v,cmd_v,car_v,shiftLevel
2283.0,553051.61,121.51304631,37.43259839,44.79,182.54,0.018000000000000002,8,0.0,10
2283.0,553051.63,121.51304631,37.43259839,44.79,182.54,0.0108,8,0.0,10
2283.0,553051.7,121.51304631,37.432598399999996,44.79,182.54,0.0216,8,0.0,10
2283.0,553051.8,121.51304631,37.43259839,44.79,182.54,0.0072000000000000015,8,0.0,10
2283.0,553051.9,121.51304631,37.43259839,44.79,182.54,0.018000000000000002,8,0.0,10
2283.0,553052.0,121.51304631,37.432598399999996,44.79,182.54,0.0216,8,0.0,10
2283.0,553052.1,121.51304631,37.43259839,44.79,182.54,0.0072000000000000015,8,0.0,10
2283.0,553052.2,121.51304631,37.43259839,44.79,182.54,0.0144,8,0.0,10
2283.0,553052.3,121.51304631,37.432598399999996,44.79,182.54,0.018000000000000002,8,0.0,10
2283.0,553052.4,121.51304631,37.432598399999996,44.79,182.54,0.0108,8,0.0,10
2283.0,553052.5,121.5130463,37.432598399999996,44.79,182.54,0.0144,8,0.0,10
2283.0,553052.6,121.5130463,37.43259841,44.79,182.54,0.0216,8,0.0,10
2283.0,553052.7,121.5130463,37.432598399999996,44.79,182.54,0.0072000000000000015,8,0.0,10
2283.0,553052.8,121.5130463,37.432598399999996,44.79,182.54,0.0216,8,0.0,10
2283.0,553052.9,121.5130463,37.432598399999996,44.79,182.54,0.0252,8,0.0,10
2283.0,553053.0,121.5130463,37.432598399999996,44.79,182.54,0.0108,8,0.0,10
2283.0,553053.1,121.5130463,37.432598399999996,44.79,182.54,0.0216,8,0.0,10
2283.0,553053.2,121.5130463,37.432598399999996,44.79,182.54,0.0216,8,0.0,10
2283.0,553053.3,121.5130463,37.432598399999996,44.79,182.55,0.0324,8,0.0,10
2283.0,553053.4,121.51304629,37.432598399999996,44.79,182.56,0.0396,8,0.0,10
2283.0,553053.5,121.5130463,37.43259841,44.79,182.54,0.0828,8,0.0,10
2283.0,553053.6,121.5130463,37.432598399999996,44.79,182.54,0.0396,8,0.0,10
2283.0,553053.7,121.5130463,37.432598399999996,44.79,182.55,0.0108,8,0.0,10
2283.0,553053.8,121.5130463,37.432598399999996,44.79,182.55,0.0252,8,0.0,10
2283.0,553053.9,121.51304629,37.43259841,44.79,182.55,0.0216,8,0.0,10
2283.0,553054.0,121.51304629,37.43259841,44.79,182.55,0.0432,8,0.0,10
2283.0,553054.1,121.51304629,37.43259842,44.79,182.54,0.018000000000000002,8,0.0,10
2283.0,553054.2,121.51304629,37.43259842,44.79,182.55,0.0252,8,0.0,10
2283.0,553054.3,121.51304628,37.43259842,44.79,182.56,0.0216,8,0.0,10
2283.0,553054.4,121.51304628,37.43259842,44.79,182.55,0.0216,8,0.0,10
2283.0,553054.5,121.51304627,37.43259842,44.79,182.56,0.0072000000000000015,8,0.0,10
2283.0,553054.6,121.51304627,37.43259842,44.79,182.56,0.0108,8,0.0,10
2283.0,553054.7,121.51304626,37.43259843,44.79,182.56,0.028800000000000006,8,0.0,10
2283.0,553054.8,121.51304626,37.43259843,44.79,182.56,0.018000000000000002,8,0.0,10
2283.0,553054.9,121.51304626,37.43259844,44.79,182.56,0.0036000000000000008,8,0.0,10
2283.0,553055.0,121.51304626,37.43259844,44.79,182.56,0.0108,8,0.0,10
2283.0,553055.1,121.51304625,37.43259845,44.79,182.56,0.018000000000000002,8,0.0,10
2283.0,553055.2,121.51304625,37.43259844,44.79,182.56,0.018000000000000002,8,0.0,10
2283.0,553055.3,121.51304625,37.43259846,44.79,182.56,0.0144,8,0.0,10
2283.0,553055.4,121.51304625,37.43259846,44.79,182.57,0.0108,8,0.0,10
2283.0,553055.5,121.51304624,37.43259846,44.79,182.57,0.036000000000000004,8,0.0,10
2283.0,553055.6,121.51304624,37.43259847,44.79,182.56,0.028800000000000006,8,0.0,10
2283.0,553055.7,121.51304624,37.43259847,44.79,182.57,0.018000000000000002,8,0.0,10
2283.0,553055.8,121.51304624,37.43259847,44.79,182.57,0.0144,8,0.0,10
2283.0,553055.9,121.51304624,37.43259848,44.79,182.57,0.0144,8,0.0,10
2283.0,553056.0,121.51304623,37.43259847,44.79,182.57,0.0108,8,0.0,10
2283.0,553056.1,121.51304623,37.43259848,44.79,182.57,0.0252,8,0.0,10
2283.0,553056.2,121.51304623,37.43259848,44.79,182.57,0.0144,8,0.0,10
2283.0,553056.3,121.51304622,37.43259848,44.79,182.57,0.0072000000000000015,8,0.0,10
2283.0,553056.4,121.51304622,37.43259848,44.79,182.57,0.0252,8,0.0,10
2283.0,553056.5,121.51304622,37.43259849,44.79,182.57,0.0108,8,0.0,10
2283.0,553056.6,121.51304622,37.43259849,44.79,182.58,0.0108,8,0.0,10
2283.0,553056.7,121.51304622,37.4325985,44.79,182.57,0.018000000000000002,8,0.0,10
2283.0,553056.8,121.51304622,37.4325985,44.79,182.57,0.0,8,0.0,10
2283.0,553056.9,121.51304621,37.4325985,44.79,182.58,0.0216,8,0.0,10
2283.0,553057.0,121.51304621,37.43259851,44.79,182.58,0.0216,8,0.0,10
2283.0,553057.1,121.51304622,37.4325985,44.79,182.57,0.0072000000000000015,8,0.0,10
2283.0,553057.2,121.51304621,37.4325985,44.79,182.58,0.0216,8,0.0,10
2283.0,553057.3,121.51304621,37.43259852,44.79,182.58,0.0072000000000000015,8,0.2265625,10
2283.0,553057.4,121.51304621,37.43259851,44.79,182.56,0.2772,8,0.1484375,10
2283.0,553057.5,121.51304619,37.43259844,44.79,182.59,0.3492,8,0.3359375,10
2283.0,553057.6,121.51304618,37.43259838,44.79,182.57,0.198,8,0.375,10
2283.0,553057.7,121.51304617,37.43259829,44.79,182.56,0.3348,8,0.3984375,10
2283.0,553057.8,121.51304616,37.43259819,44.79,182.55,0.4608,8,0.4296875,10
2283.0,553057.9,121.51304618,37.43259809,44.79,182.54,0.4464,8,0.4921875,10
2283.0,553058.0,121.51304618,37.43259798,44.79,182.54,0.45,8,0.4921875,10
2283.0,553058.1,121.51304617,37.43259787,44.79,182.53,0.5112,8,0.546875,10
2283.0,553058.2,121.51304617,37.43259773,44.79,182.52,0.5688,8,0.5859375,10
2283.0,553058.3,121.51304615,37.43259758,44.79,182.51,0.5868,8,0.703125,10
2283.0,553058.4,121.51304614,37.43259744,44.79,182.48,0.6012000000000001,8,0.796875,10
2283.0,553058.5,121.51304612,37.43259729,44.79,182.47,0.6552,8,0.8671875,10
2283.0,553058.6,121.51304612,37.4325971,44.79,182.47,0.8208000000000001,8,0.9296875,10
2283.0,553058.7,121.51304612,37.43259688,44.79,182.48,0.9612,8,1.0625,10
2283.0,553058.8,121.51304611,37.43259662,44.79,182.48,1.0872,8,1.234375,10
2283.0,553058.9,121.51304609999998,37.43259638,44.79,182.44,1.0584,8,1.421875,10
2283.0,553059.0,121.51304609,37.4325961,44.79,182.4,1.2024,8,1.515625,10
2283.0,553059.1,121.51304606,37.43259575,44.79,182.37,1.4796,8,1.7109375,10
2283.0,553059.2,121.51304601,37.43259535,44.79,182.37,1.6668,8,2.125,10
2283.0,553059.3,121.51304601,37.43259492,44.79,182.34,1.8216,8,2.28125,10
2283.0,553059.4,121.51304604,37.43259444,44.79,182.26,2.1276,8,2.640625,10
2283.0,553059.5,121.51304591,37.43259391,44.79,182.26,2.3400000000000003,8,2.8671875,10
2283.0,553059.6,121.51304594,37.43259329,44.79,182.17,2.6352,8,3.015625,10
2283.0,553059.7,121.51304586,37.43259255,44.79,182.18,2.9268,8,2.9453125,10
2283.0,553059.8,121.51304579999999,37.43259177,44.79,182.12,3.3516000000000004,8,3.1484375,10
2283.0,553059.9,121.51304591,37.43259098,44.79,181.91,3.1752,8,3.2109375,10
2283.0,553060.0,121.51304585,37.43259017,44.79,181.9,2.7936,8,3.4375,10
2283.0,553060.1,121.51304567,37.43258935,44.79,182.0,3.2652,8,3.53125,10
2283.0,553060.2,121.51304569,37.43258859,44.8,181.8,3.6792,8,3.5703125,10
2283.0,553060.31,121.51304601,37.43258813,44.79,181.53,3.3156000000000003,8,3.5546875,10
2283.0,553060.4,121.51304594,37.43258734,44.79,181.73,3.0492,8,3.5859375,10
2283.0,553060.5,121.51304561,37.43258619,44.79,181.89,3.7116,8,3.71875,10
2283.0,553060.6,121.51304565,37.43258534,44.79,181.61,4.2192,8,3.71875,10
2283.0,553060.7,121.51304588,37.43258469,44.79,181.32,3.2652,8,4.0234375,10
2283.0,553060.8,121.51304581,37.43258375,44.79,181.51,3.0744,8,4.0234375,10
2283.0,553060.91,121.51304547,37.43258238,44.79,181.77,3.51,8,4.1796875,10
2283.0,553061.0,121.51304549,37.43258152,44.79,181.66,5.0112,8,4.3125,10
2283.0,553061.1,121.51304568,37.43258086,44.79,181.25,4.9572,8,4.4453125,10
2283.0,553061.2,121.51304567,37.43257983,44.79,181.17,3.96,8,4.5234375,10
2283.0,553061.3,121.51304512,37.43257826,44.79,181.47,3.7044,8,4.6953125,10
2283.0,553061.4,121.51304499999999,37.4325771,44.79,181.7,4.3416,8,4.921875,10
2283.0,553061.5,121.51304503,37.43257604,44.79,181.56,5.1876000000000015,8,5.015625,10
2283.0,553061.6,121.51304504,37.43257487,44.79,181.36,5.2236,8,5.28125,10
2283.0,553061.7,121.51304509,37.43257376,44.79,181.29,4.9212,8,5.375,10
2283.0,553061.8,121.51304507,37.43257247,44.79,181.35,4.7484,8,5.546875,10
2283.0,553061.9,121.51304489,37.43257104,44.79,181.44,5.1696,8,5.71875,10
2283.0,553062.01,121.51304487,37.43256956,44.79,181.33,5.7348,8,5.96875,10
2283.0,553062.1,121.51304485,37.43256837,44.79,181.18,5.6880000000000015,8,6.15625,10
2283.0,553062.2,121.51304477,37.43256693,44.79,181.2,5.8428,8,6.34375,10
2283.0,553062.3,121.51304471,37.43256545,44.79,181.18,5.9976,8,6.609375,10
2283.0,553062.4,121.51304466,37.4325639,44.79,181.19,6.3144,8,6.765625,10
2283.0,553062.5,121.51304451,37.43256236,44.79,181.23,6.4548,8,6.9765625,10
2283.0,553062.6,121.51304452,37.43256073,44.79,181.16,6.7968,8,7.203125,10
2283.0,553062.7,121.51304443,37.43255915,44.79,181.12,6.638400000000002,8,7.390625,10
2283.0,553062.8,121.51304436,37.43255739,44.79,181.18,6.6960000000000015,8,7.5859375,10
2283.0,553062.9,121.51304407,37.43255553,44.78,181.32,7.3044,8,7.7734375,10
2283.0,553063.0,121.51304402,37.43255371,44.79,181.22,8.200800000000001,8,7.9453125,10
2283.0,553063.1,121.51304411,37.43255201,44.79,180.94,8.1468,8,8.1328125,10
2283.0,553063.2,121.51304406,37.43255009,44.79,180.84,7.2,8,8.265625,10
2283.0,553063.3,121.51304382,37.43254779,44.79,181.05,7.127999999999999,8,8.453125,10
2283.0,553063.4,121.5130437,37.43254574,44.78,181.23,7.812,8,8.6484375,10
2283.0,553063.5,121.51304365,37.43254367,44.79,181.16,8.712,8,8.7265625,10
2283.0,553063.6,121.51304367,37.43254163,44.79,180.92,8.996400000000003,8,8.78125,10
2283.0,553063.7,121.51304375,37.43253971,44.79,180.78,8.5176,8,9.0078125,10
2283.0,553063.8,121.51304369,37.43253754,44.79,180.88,8.283600000000002,8,9.0234375,10
2283.0,553063.9,121.51304350000001,37.43253526,44.78,181.01,8.6832,8,9.15625,10
2283.0,553064.0,121.51304348,37.43253306,44.78,180.92,9.0576,8,9.15625,10
2283.0,553064.1,121.51304355,37.43253086,44.78,180.77,9.0576,8,9.21875,10
2283.0,553064.2,121.51304352,37.43252862,44.78,180.74,8.82,8,9.234375,10
2283.0,553064.3,121.51304345,37.43252636,44.78,180.78,8.8632,8,9.296875,10
2283.0,553064.4,121.51304342,37.43252413,44.79,180.72,9.0108,8,9.234375,10
2283.0,553064.5,121.51304340000002,37.43252191,44.78,180.67,9.0684,8,9.234375,10
2283.0,553064.6,121.51304334,37.43251963,44.78,180.67,8.9028,8,9.296875,10
2283.0,553064.7,121.51304331,37.43251735,44.79,180.67,8.906400000000003,8,9.234375,10
2283.0,553064.8,121.51304326,37.43251509,44.79,180.62,9.1224,8,9.2578125,10
2283.0,553064.9,121.51304325,37.43251291,44.79,180.5,9.126,8,9.15625,10
2283.0,553065.0,121.51304325,37.43251067,44.79,180.43,8.802,8,9.15625,10
2283.0,553065.1,121.51304322,37.43250842,44.79,180.46,8.8164,8,9.140625,10
2283.0,553065.21,121.51304315,37.43250594,44.79,180.45,9.0036,8,9.15625,10
2283.0,553065.3,121.51304323,37.43250402,44.79,180.3,9.0396,8,9.0859375,10
2283.0,553065.4,121.51304319,37.43250178,44.79,180.24,9.0288,8,9.0234375,10
2283.0,553065.5,121.51304309999999,37.43249953,44.79,180.25,8.9532,8,9.0234375,10
2283.0,553065.6,121.51304309,37.43249729,44.79,180.23,8.8236,8,8.9140625,10
2283.0,553065.7,121.51304316,37.43249514,44.79,180.21,8.766,8,8.9140625,10
2283.0,553065.8,121.51304321,37.43249296,44.79,180.21,8.744399999999999,8,8.9296875,10
2283.0,553065.9,121.51304316,37.43249077,44.79,180.25,8.967600000000003,8,9.0078125,10
2283.0,553066.0,121.51304321,37.43248856,44.79,180.19,8.9604,8,8.859375,10
2283.0,553066.1,121.51304329,37.4324864,44.78,180.13,8.5716,8,8.796875,10
2283.0,553066.2,121.51304321,37.4324842,44.79,180.21,8.6904,8,8.8359375,10
2283.0,553066.31,121.51304321,37.43248181,44.79,180.2,8.647200000000002,8,8.8359375,10
2283.0,553066.4,121.51304322,37.43247987,44.79,180.11,8.762400000000001,8,8.7421875,10
2283.0,553066.5,121.51304322,37.43247786,44.79,180.05,8.6364,8,8.7421875,10
2283.0,553066.6,121.51304321,37.43247569,44.79,180.08,8.5104,8,8.78125,10
2283.0,553066.7,121.51304316,37.43247354,44.79,180.08,8.632800000000001,8,8.6640625,10
2283.0,553066.8,121.51304318,37.43247141,44.79,179.98,8.618400000000001,8,8.703125,10
2283.0,553066.9,121.51304326,37.43246938,44.79,179.92,8.424,8,8.5859375,10
2283.0,553067.0,121.51304325,37.43246724,44.79,179.92,8.4564,8,8.625,10
2283.0,553067.1,121.51304319,37.43246509,44.79,179.91,8.5356,8,8.4765625,10
2283.0,553067.2,121.51304317,37.43246297,44.79,179.82,8.4852,8,8.5859375,10
2283.0,553067.31,121.51304327,37.43246081,44.79,179.68,8.3052,8,8.3984375,10
2283.0,553067.4,121.51304322,37.43245891,44.79,179.72,8.2584,8,8.4921875,10
2283.0,553067.5,121.51304315,37.43245679,44.79,179.73,8.478,8,8.3828125,10
2283.0,553067.6,121.5130432,37.43245471,44.79,179.71,8.298,8,8.3046875,10
2283.0,553067.7,121.51304329999999,37.43245262,44.79,179.71,8.172,8,8.3046875,10
2283.0,553067.81,121.51304335,37.43245037,44.79,179.7,8.0928,8,8.2890625,10
2283.0,553067.91,121.51304326,37.43244836,44.79,179.75,8.046,8,8.25,10
2283.0,553068.0,121.51304328,37.43244653,44.79,179.71,8.269200000000001,8,8.1171875,10
2283.0,553068.1,121.51304329999999,37.43244462,44.79,179.65,8.1432,8,8.0546875,10
2283.0,553068.2,121.51304332,37.4324426,44.79,179.63,7.977600000000002,8,8.015625,10
2283.0,553068.3,121.51304329,37.43244061,44.79,179.65,7.920000000000001,8,7.90625,10
2283.0,553068.41,121.51304329999999,37.43243843,44.79,179.63,7.920000000000001,8,7.9453125,10
2283.0,553068.51,121.51304333,37.43243661,44.79,179.57,7.9812,8,7.8515625,10
2283.0,553068.6,121.51304337,37.43243484,44.79,179.53,7.8552,8,7.8671875,10
2283.0,553068.7,121.51304355,37.43243281,44.79,179.48,7.7688,8,7.8828125,10
2283.0,553068.8,121.51304358,37.43243086,44.79,179.48,7.6103999999999985,8,7.8125,10
2283.0,553068.9,121.51304354,37.43242887,44.79,179.5,7.7076,8,7.734375,10
2283.0,553069.0,121.51304356,37.43242697,44.79,179.46,7.6248,8,7.6796875,10
2283.0,553069.1,121.51304357,37.43242507,44.79,179.45,7.614000000000001,8,7.6796875,10
2283.0,553069.2,121.51304356,37.43242316,44.79,179.43,7.812,8,7.65625,10
2283.0,553069.3,121.51304363,37.43242166,44.79,179.34,7.754399999999999,8,7.5859375,10
2283.0,553069.4,121.51304364,37.43241978,44.79,179.31,7.4087999999999985,8,7.65625,10
2283.0,553069.5,121.51304357,37.43241793,44.79,179.38,7.282800000000001,8,7.5859375,10
2283.0,553069.6,121.51304357,37.43241605,44.79,179.42,7.3764,8,7.546875,10
2283.0,553069.7,121.51304368,37.43241399,44.79,179.42,7.5204,8,7.5859375,10
2283.0,553069.79,121.51304373,37.43241233,44.79,179.37,7.6103999999999985,8,7.5234375,10
2283.0,553069.9,121.51304384,37.43241056,44.79,179.35,7.5672,8,7.5234375,10
2283.0,553070.0,121.51304389,37.43240873,44.79,179.34,7.4232,8,7.5234375,10
2283.0,553070.1,121.51304397,37.43240712,44.79,179.39,7.2216,8,7.5078125,10
2283.0,553070.2,121.51304399,37.43240527,44.79,179.48,7.1676,8,7.5234375,10
2283.0,553070.3,121.51304398,37.4324031,44.78,179.57,7.336799999999998,8,7.484375,10
2283.0,553070.4,121.51304402,37.43240125,44.78,179.61,7.552799999999999,8,7.5859375,10
2283.0,553070.5,121.51304404,37.43239962,44.78,179.59,7.65,8,7.546875,10
2283.0,553070.6,121.51304405,37.43239775,44.78,179.62,7.5672,8,7.5859375,10
2283.0,553070.7,121.51304412,37.43239613,44.78,179.64,7.3116,8,7.640625,10
2283.0,553070.8,121.51304409999999,37.43239429,44.78,179.71,7.372800000000002,8,7.5859375,10
2283.0,553070.9,121.51304412,37.43239238,44.78,179.78,7.6644,8,7.5625,10
2283.0,553071.0,121.51304414,37.43239047,44.77,179.86,7.4700000000000015,8,7.6796875,10
2283.0,553071.1,121.51304413,37.43238842,44.77,180.0,7.466399999999998,8,7.6953125,10
2283.0,553071.2,121.51304411,37.43238652,44.77,180.11,7.7292,8,7.6796875,10
2283.0,553071.3,121.51304404,37.43238524,44.77,180.15,7.866,8,7.71875,10
2283.0,553071.4,121.51304407,37.43238339,44.77,180.12,7.538399999999998,8,7.7890625,10
2283.0,553071.5,121.51304415,37.43238167,44.77,180.17,7.1892000000000005,8,7.734375,10
2283.0,553071.6,121.51304414,37.43237978,44.77,180.29,7.3044,8,7.6796875,10
2283.0,553071.7,121.51304409,37.43237746,44.77,180.37,7.4484,8,7.7734375,10
2283.0,553071.8,121.51304407,37.4323756,44.77,180.37,7.5636,8,7.7890625,10
2283.0,553071.9,121.51304401,37.43237401,44.77,180.38,7.6932,8,7.75,10
2283.0,553072.0,121.51304398,37.43237212,44.77,180.44,7.628400000000001,8,7.75,10
2283.0,553072.1,121.51304396,37.43237024,44.77,180.54,7.6248,8,7.8125,10
2283.0,553072.2,121.51304397,37.43236835,44.77,180.58,7.574400000000002,8,7.828125,10
2283.0,553072.3,121.51304396,37.4323665,44.76,180.64,7.556400000000001,8,7.8828125,10
2283.0,553072.4,121.51304392,37.4323646,44.76,180.72,7.4556,8,7.8671875,10
2283.0,553072.5,121.51304383,37.43236261,44.76,180.8,7.4952,8,7.7890625,10
2283.0,553072.6,121.51304378,37.43236072,44.77,180.84,7.700399999999999,8,7.71875,10
2283.0,553072.7,121.51304382,37.43235888,44.76,180.96,7.812,8,7.7890625,10
2283.0,553072.8,121.51304386,37.43235695,44.76,181.05,7.7832,8,7.8125,10
2283.0,553072.9,121.51304384,37.43235509,44.76,181.21,7.6752,8,7.828125,10
2283.0,553073.0,121.51304376,37.43235318,44.76,181.32,7.7436,8,7.8125,10
2283.0,553073.11,121.51304369,37.43235124,44.76,181.34,7.6392,8,7.75,10
2283.0,553073.2,121.5130436,37.43234955,44.76,181.32,7.4052,8,7.734375,10
2283.0,553073.3,121.51304354,37.43234735,44.76,181.4,7.480799999999999,8,7.8125,10
2283.0,553073.4,121.51304346,37.43234544,44.76,181.5,7.642800000000001,8,7.7734375,10
2283.0,553073.5,121.51304344,37.4323435,44.76,181.53,7.6968,8,7.734375,10
2283.0,553073.6,121.51304342,37.43234162,44.76,181.57,7.614000000000001,8,7.734375,10
2283.0,553073.7,121.51304338,37.43233976,44.76,181.66,7.5996000000000015,8,7.71875,10
2283.0,553073.8,121.51304329,37.43233787,44.76,181.75,7.646400000000001,8,7.7734375,10
2283.0,553073.9,121.51304326,37.43233601,44.76,181.77,7.6103999999999985,8,7.8515625,10
2283.0,553074.0,121.51304314,37.43233411,44.76,181.77,7.4232,8,7.7734375,10
2283.0,553074.11,121.51304294,37.43233195,44.75,181.83,7.4916,8,7.734375,10
2283.0,553074.2,121.51304283,37.43233024,44.76,181.88,7.646400000000001,8,7.7734375,10
2283.0,553074.3,121.51304284,37.43232843,44.76,181.91,7.552799999999999,8,7.7734375,10
2283.0,553074.4,121.51304275,37.43232654,44.76,182.01,7.6032,8,7.8125,10
2283.0,553074.5,121.51304273,37.43232463,44.75,182.11,7.7076,8,7.7734375,10
2283.0,553074.6,121.51304266,37.43232273,44.75,182.2,7.6932,8,7.7890625,10
2283.0,553074.7,121.51304264,37.43232086,44.75,182.27,7.542000000000002,8,7.8125,10
2283.0,553074.8,121.51304254,37.43231896,44.75,182.37,7.4736,8,7.8125,10
2283.0,553074.9,121.51304235,37.432317100000006,44.75,182.48,7.5204,8,7.8125,10
2283.0,553075.0,121.51304224,37.43231518,44.75,182.52,7.6536,8,7.71875,10
2283.0,553075.1,121.51304214,37.43231337,44.75,182.55,7.7508,8,7.75,10
2283.0,553075.2,121.51304203,37.43231147,44.75,182.59,7.646400000000001,8,7.734375,10
2283.0,553075.3,121.513042,37.43230984,44.74,182.63,7.4736,8,7.7734375,10
2283.0,553075.41,121.51304185,37.43230777,44.74,182.77,7.4484,8,7.7890625,10
2283.0,553075.5,121.51304186,37.43230599,44.74,182.81,7.5996000000000015,8,7.734375,10
2283.0,553075.6,121.51304176,37.4323041,44.74,182.84,7.6032,8,7.71875,10
2283.0,553075.7,121.51304167,37.43230233,44.74,182.89,7.542000000000002,8,7.75,10
2283.0,553075.81,121.51304152,37.43230023,44.73,182.93,7.552799999999999,8,7.7734375,10
2283.0,553075.9,121.51304137,37.43229856,44.73,182.98,7.484400000000001,8,7.75,10
2283.0,553076.0,121.51304123,37.43229669,44.73,183.01,7.4087999999999985,8,7.6953125,10
2283.0,553076.1,121.51304109,37.43229484,44.73,182.98,7.4628,8,7.7734375,10
2283.0,553076.2,121.51304097,37.43229296,44.73,182.94,7.56,8,7.7734375,10
2283.0,553076.3,121.51304091,37.4322909,44.73,182.86,7.614000000000001,8,7.734375,10
2283.0,553076.4,121.51304081,37.43228901,44.73,182.75,7.5636,8,7.7890625,10
2283.0,553076.5,121.51304072,37.43228741,44.72,182.66,7.4592,8,7.75,10
2283.0,553076.6,121.5130406,37.43228555,44.72,182.6,7.4628,8,7.7890625,10
2283.0,553076.7,121.5130405,37.43228373,44.72,182.55,7.4196,8,7.8515625,10
2283.0,553076.81,121.51304042,37.43228168,44.72,182.46,7.444800000000001,8,7.7734375,10
2283.0,553076.91,121.51304035,37.43227976,44.72,182.37,7.4304000000000014,8,7.734375,10
2283.0,553077.0,121.51304028,37.43227807,44.72,182.34,7.538399999999998,8,7.7890625,10
2283.0,553077.1,121.5130402,37.43227621,44.72,182.27,7.6032,8,7.828125,10
2283.0,553077.2,121.51304012,37.43227434,44.72,182.17,7.524,8,7.828125,10
2283.0,553077.3,121.51304006,37.43227256,44.71,182.09,7.498800000000001,8,7.90625,10
2283.0,553077.4,121.51303999999999,37.43227067,44.71,182.01,7.556400000000001,8,7.8125,10
2283.0,553077.5,121.51303991,37.43226868,44.71,181.95,7.416,8,7.7734375,10
2283.0,553077.6,121.51303987,37.43226679,44.71,181.87,7.466399999999998,8,7.8125,10
2283.0,553077.7,121.51303981,37.43226496,44.71,181.79,7.4952,8,7.828125,10
2283.0,553077.8,121.51303976,37.4322631,44.71,181.72,7.4879999999999995,8,7.7890625,10
2283.0,553077.9,121.51303971,37.4322612,44.7,181.67,7.646400000000001,8,7.7890625,10
2283.0,553078.0,121.51303965,37.4322593,44.7,181.6,7.5672,8,7.71875,10
2283.0,553078.1,121.51303959,37.43225748,44.7,181.53,7.5096,8,7.734375,10
2283.0,553078.2,121.51303953,37.43225561,44.7,181.45,7.412400000000001,8,7.8125,10
2283.0,553078.3,121.51303953,37.43225351,44.7,181.37,7.4304000000000014,8,7.8125,10
2283.0,553078.4,121.5130395,37.43225165,44.7,181.27,7.4087999999999985,8,7.75,10
2283.0,553078.5,121.51303947,37.43224966,44.69,181.2,7.426800000000001,8,7.6953125,10
2283.0,553078.6,121.51303944,37.43224778,44.69,181.1,7.5204,8,7.7734375,10
2283.0,553078.7,121.51303949,37.43224596,44.69,180.95,7.5492,8,7.7890625,10
2283.0,553078.8,121.51303943,37.43224408,44.69,180.85,7.4196,8,7.7890625,10
2283.0,553078.9,121.51303939,37.43224217,44.69,180.79,7.3980000000000015,8,7.7734375,10
2283.0,553079.0,121.51303938,37.43224033,44.69,180.67,7.4196,8,7.71875,10
2283.0,553079.1,121.51303937,37.43223844,44.69,180.6,7.4556,8,7.7734375,10
2283.0,553079.2,121.51303939,37.43223654,44.68,180.54,7.5672,8,7.8125,10
2283.0,553079.3,121.51303943,37.43223454,44.68,180.47,7.6103999999999985,8,7.7890625,10
2283.0,553079.4,121.51303943,37.43223263,44.68,180.41,7.506,8,7.7734375,10
2283.0,553079.5,121.51303945,37.43223079,44.68,180.31,7.4736,8,7.7890625,10
2283.0,553079.6,121.51303946,37.43222895,44.68,180.2,7.516800000000001,8,7.7890625,10
2283.0,553079.7,121.51303948,37.43222712,44.68,180.14,7.6032,8,7.7890625,10
2283.0,553079.8,121.51303949,37.432225200000005,44.68,180.1,7.5816,8,7.8125,10
2283.0,553079.9,121.51303951,37.43222336,44.67,180.02,7.5204,8,7.7734375,10
2283.0,553080.0,121.5130395,37.43222148,44.67,179.95,7.343999999999999,8,7.734375,10
2283.0,553080.1,121.51303951,37.43221977,44.67,179.88,7.394399999999999,8,7.734375,10
2283.0,553080.2,121.51303951,37.43221788,44.67,179.81,7.628400000000001,8,7.7890625,10
2283.0,553080.3,121.5130396,37.43221608,44.67,179.65,7.682399999999999,8,7.8125,10
2283.0,553080.4,121.51303962,37.43221421,44.67,179.52,7.441200000000001,8,7.8515625,10
2283.0,553080.5,121.51303966,37.43221232,44.67,179.44,7.3476,8,7.7734375,10
2283.0,553080.6,121.51303967,37.43221044,44.67,179.4,7.4087999999999985,8,7.734375,10
2283.0,553080.7,121.51303970000001,37.43220855,44.66,179.31,7.588800000000001,8,7.7890625,10
2283.0,553080.8,121.51303973,37.43220665,44.66,179.2,7.685999999999999,8,7.7890625,10
2283.0,553080.9,121.51303984,37.43220488,44.66,179.05,7.444800000000001,8,7.7890625,10
2283.0,553081.0,121.51303986,37.43220298,44.66,179.01,7.3872,8,7.7734375,10
2283.0,553081.1,121.5130399,37.43220103,44.66,178.96,7.538399999999998,8,7.7890625,10
2283.0,553081.2,121.51303996,37.43219917,44.66,178.83,7.6103999999999985,8,7.7890625,10
2283.0,553081.3,121.51304006,37.43219781,44.66,178.64,7.354800000000001,8,7.7890625,10
2283.0,553081.4,121.51304011,37.43219593,44.66,178.59,7.29,8,7.7890625,10
2283.0,553081.5,121.51304014,37.43219384,44.65,178.56,7.480799999999999,8,7.71875,10
2283.0,553081.6,121.51304022,37.43219192,44.65,178.44,7.5924,8,7.71875,10
2283.0,553081.7,121.51304035,37.43219023,44.65,178.24,7.38,8,7.7890625,10
2283.0,553081.8,121.51304042,37.43218839,44.65,178.09,7.2396,8,7.7890625,10
2283.0,553081.9,121.51304052,37.43218643,44.65,177.94,7.3476,8,7.828125,10
2283.0,553082.0,121.51304061,37.43218454,44.65,177.8,7.538399999999998,8,7.7890625,10
2283.0,553082.1,121.5130408,37.43218274,44.65,177.63,7.4952,8,7.75,10
2283.0,553082.21,121.51304095,37.43218074,44.65,177.42,7.354800000000001,8,7.7734375,10
2283.0,553082.3,121.51304103,37.4321792,44.65,177.32,7.297200000000001,8,7.828125,10
2283.0,553082.4,121.51304114,37.43217735,44.65,177.19,7.4736,8,7.7890625,10
2283.0,553082.5,121.51304131,37.4321757,44.65,177.0,7.484400000000001,8,7.71875,10
2283.0,553082.6,121.51304145,37.43217385,44.64,176.83,7.3764,8,7.734375,10
2283.0,553082.7,121.51304163,37.43217183,44.64,176.68,7.3008000000000015,8,7.7734375,10
2283.0,553082.8,121.51304176,37.43216995,44.64,176.56,7.351199999999999,8,7.8125,10
2283.0,553082.9,121.51304197,37.43216785,44.64,176.38,7.480799999999999,8,7.8515625,10
2283.0,553083.0,121.51304215,37.43216605,44.64,176.2,7.412400000000001,8,7.75,10
2283.0,553083.1,121.51304233,37.43216429,44.64,176.12,7.574400000000002,8,7.6953125,10
2283.0,553083.2,121.51304250000001,37.43216244,44.64,176.06,7.538399999999998,8,7.7890625,10
2283.0,553083.3,121.51304271,37.43216055,44.64,176.03,7.4736,8,7.8125,10
2283.0,553083.4,121.51304283,37.43215868,44.64,176.0,7.2684000000000015,8,7.7890625,10
2283.0,553083.5,121.51304294,37.43215677,44.64,175.96,7.3008000000000015,8,7.828125,10
2283.0,553083.6,121.51304312,37.43215496,44.64,175.85,7.506,8,7.734375,10
2283.0,553083.7,121.51304337,37.43215335,44.64,175.76,7.4304000000000014,8,7.75,10
2283.0,553083.8,121.51304357,37.43215151,44.64,175.71,7.4304000000000014,8,7.828125,10
2283.0,553083.9,121.51304378,37.43214977,44.64,175.64,7.506,8,7.8515625,10
2283.0,553084.0,121.51304397,37.43214793,44.64,175.53,7.4700000000000015,8,7.7890625,10
2283.0,553084.11,121.51304423,37.43214598,44.64,175.44,7.351199999999999,8,7.7734375,10
2283.0,553084.2,121.51304440000001,37.43214431,44.63,175.43,7.272,8,7.7890625,10
2283.0,553084.3,121.51304457,37.43214211,44.63,175.42,7.4376,8,7.828125,10
2283.0,553084.4,121.51304478,37.43214027,44.63,175.33,7.5492,8,7.828125,10
2283.0,553084.51,121.51304508,37.43213832,44.63,175.21,7.5456,8,7.8515625,10
2283.0,553084.61,121.51304529,37.43213649,44.63,175.15,7.434,8,7.7890625,10
2283.0,553084.7,121.51304544,37.43213486,44.63,175.14,7.5312,8,7.734375,10
2283.0,553084.8,121.51304565,37.43213304,44.63,175.03,7.5276,8,7.7734375,10
2283.0,553084.9,121.51304592,37.43213139,44.63,174.9,7.4087999999999985,8,7.7734375,10
2283.0,553085.0,121.51304609999998,37.43212953,44.63,174.86,7.3152,8,7.8125,10
2283.0,553085.11,121.51304633,37.43212733,44.63,174.83,7.340400000000002,8,7.8125,10
2283.0,553085.2,121.51304653,37.43212570000001,44.63,174.8,7.318799999999999,8,7.71875,10
2283.0,553085.3,121.51304677,37.43212384,44.63,174.74,7.3152,8,7.6953125,10
2283.0,553085.4,121.51304696,37.43212199,44.63,174.7,7.5348,8,7.7890625,10
2283.0,553085.5,121.51304723,37.43212029,44.63,174.55,7.574400000000002,8,7.75,10
2283.0,553085.61,121.51304745,37.43211826,44.63,174.45,7.642800000000001,8,7.734375,10
2283.0,553085.71,121.51304773,37.43211667,44.63,174.32,7.318799999999999,8,7.734375,10
2283.0,553085.8,121.51304788,37.432115,44.62,174.37,7.0848,8,7.7734375,10
2283.0,553085.9,121.51304813,37.43211285,44.62,174.36,7.38,8,7.8125,10
2283.0,553086.0,121.51304838,37.43211102,44.62,174.3,7.596,8,7.8515625,10
2283.0,553086.1,121.51304875,37.43210924,44.62,174.21,7.506,8,7.8125,10
2283.0,553086.2,121.51304898,37.43210736,44.62,174.21,7.5276,8,7.8125,10
2283.0,553086.3,121.51304923,37.43210547,44.61,174.22,7.5636,8,7.828125,10
2283.0,553086.41,121.51304952,37.43210345,44.61,174.14,7.6212,8,7.8515625,10
2283.0,553086.5,121.51304989,37.43210196,44.61,173.98,7.351199999999999,8,7.8515625,10
2283.0,553086.6,121.51305009999999,37.43210009,44.61,174.0,7.2612,8,7.90625,10
2283.0,553086.71,121.51305035,37.43209784,44.61,174.01,7.3476,8,7.8828125,10
2283.0,553086.81,121.51305059,37.43209596,44.61,174.0,7.4952,8,7.8671875,10
2283.0,553086.91,121.51305086,37.43209413,44.61,173.94,7.516800000000001,8,7.8515625,10
2283.0,553087.0,121.51305109,37.43209248,44.61,173.91,7.372800000000002,8,7.8125,10
2283.0,553087.1,121.51305131,37.43209071,44.61,173.86,7.480799999999999,8,7.7734375,10
2283.0,553087.2,121.51305156,37.43208887,44.61,173.77,7.660800000000001,8,7.8515625,10
2283.0,553087.3,121.51305188,37.43208715,44.6,173.67,7.4952,8,7.8515625,10
2283.0,553087.4,121.51305212,37.4320853,44.6,173.63,7.29,8,7.8515625,10
2283.0,553087.5,121.51305239,37.43208326,44.6,173.59,7.2612,8,7.8515625,10
2283.0,553087.6,121.51305266,37.43208143,44.6,173.56,7.254,8,7.75,10
2283.0,553087.7,121.51305293,37.43207934,44.6,173.57,7.4556,8,7.6953125,10
2283.0,553087.8,121.51305319,37.43207749,44.6,173.52,7.5672,8,7.7890625,10
2283.0,553087.9,121.51305343,37.43207601,44.6,173.41,7.585200000000001,8,7.7734375,10
2283.0,553088.0,121.51305369,37.43207418,44.6,173.3,7.4304000000000014,8,7.75,10
2283.0,553088.1,121.513054,37.43207227,44.6,173.26,7.1928,8,7.734375,10
2283.0,553088.2,121.51305428,37.43207046,44.6,173.26,7.2,8,7.75,10
2283.0,553088.3,121.51305464,37.43206835,44.6,173.23,7.2144,8,7.7734375,10
2283.0,553088.4,121.51305495,37.43206654,44.6,173.21,7.326,8,7.828125,10
2283.0,553088.5,121.51305523,37.43206442,44.59,173.24,7.5096,8,7.7890625,10
2283.0,553088.6,121.5130555,37.43206259,44.59,173.18,7.452000000000001,8,7.71875,10
2283.0,553088.7,121.51305579,37.43206083,44.59,173.14,7.3980000000000015,8,7.75,10
2283.0,553088.8,121.51305609,37.43205903,44.6,173.04,7.4087999999999985,8,7.8125,10
2283.0,553088.9,121.51305639,37.43205741,44.59,172.98,7.2864,8,7.8125,10
2283.0,553089.0,121.51305669,37.43205557,44.59,172.96,7.210800000000001,8,7.7890625,10
2283.0,553089.1,121.51305697,37.43205356,44.59,172.93,7.3332,8,7.7734375,10
2283.0,553089.2,121.51305726,37.43205175,44.59,172.88,7.2,8,7.7734375,10
2283.0,553089.3,121.51305754,37.4320497,44.59,172.83,7.322399999999999,8,7.7890625,10
2283.0,553089.4,121.51305784,37.43204788,44.59,172.77,7.354800000000001,8,7.828125,10
2283.0,553089.5,121.51305812,37.43204598,44.59,172.76,7.5672,8,7.71875,10
2283.0,553089.6,121.51305843,37.43204415,44.59,172.65,7.56,8,7.6953125,10
2283.0,553089.71,121.51305874,37.43204244,44.59,172.6,7.5204,8,7.75,10
2283.0,553089.8,121.51305903,37.43204079,44.59,172.56,7.318799999999999,8,7.7734375,10
2283.0,553089.9,121.51305935,37.43203870000001,44.58,172.57,7.2216,8,7.828125,10
2283.0,553090.0,121.51305964,37.43203687,44.58,172.58,7.297200000000001,8,7.828125,10
2283.0,553090.1,121.51305998,37.43203478,44.58,172.52,7.5024000000000015,8,7.7734375,10
2283.0,553090.2,121.51306026,37.43203294,44.58,172.45,7.74,8,7.7734375,10
2283.0,553090.3,121.51306058,37.43203159,44.58,172.35,7.5348,8,7.8125,10
2283.0,553090.4,121.51306088,37.43202976,44.58,172.34,7.3476,8,7.8125,10
2283.0,553090.5,121.51306129999999,37.43202774,44.58,172.32,7.3296,8,7.7890625,10
2283.0,553090.6,121.51306163,37.4320259,44.58,172.32,7.3152,8,7.7734375,10
2283.0,553090.7,121.51306203,37.43202393,44.58,172.28,7.3152,8,7.7734375,10
2283.0,553090.8,121.51306237,37.432022100000005,44.58,172.25,7.351199999999999,8,7.7890625,10
2283.0,553090.9,121.51306267,37.4320203,44.58,172.22,7.4556,8,7.828125,10
2283.0,553091.0,121.51306301,37.43201848,44.58,172.17,7.3836,8,7.8125,10
2283.0,553091.1,121.51306333,37.43201668,44.58,172.09,7.484400000000001,8,7.71875,10
2283.0,553091.2,121.51306364,37.43201485,44.58,172.04,7.4556,8,7.7734375,10
2283.0,553091.31,121.51306405,37.43201304,44.57,171.99,7.318799999999999,8,7.7734375,10
2283.0,553091.4,121.51306433,37.4320114,44.57,171.98,7.336799999999998,8,7.8125,10
2283.0,553091.5,121.51306485,37.4320093,44.57,171.95,7.308,8,7.828125,10
2283.0,553091.6,121.51306516,37.43200746,44.57,171.96,7.4016,8,7.734375,10
2283.0,553091.7,121.51306557,37.43200571,44.56,171.85,7.272,8,7.734375,10
2283.0,553091.8,121.51306589,37.43200389,44.56,171.8,7.279199999999999,8,7.7734375,10
2283.0,553091.9,121.51306619,37.43200195,44.56,171.78,7.4052,8,7.8125,10
2283.0,553092.0,121.51306653,37.43200014,44.56,171.72,7.538399999999998,8,7.8125,10
2283.0,553092.11,121.51306688,37.43199865,44.56,171.68,7.4628,8,7.7890625,10
2283.0,553092.21,121.51306724,37.43199683,44.56,171.64,7.282800000000001,8,7.7890625,10
2283.0,553092.3,121.51306761,37.43199449,44.55,171.61,7.1568000000000005,8,7.7890625,10
2283.0,553092.4,121.51306794,37.43199266,44.55,171.58,7.1748,8,7.8515625,10
2283.0,553092.5,121.51306819,37.43199055,44.55,171.57,7.5096,8,7.8828125,10
2283.0,553092.6,121.51306853,37.43198871,44.55,171.49,7.7147999999999985,8,7.7890625,10
2283.0,553092.7,121.51306882,37.4319875,44.55,171.38,7.5456,8,7.8125,10
2283.0,553092.8,121.51306918,37.43198571,44.55,171.29,7.308,8,7.8125,10
2283.0,553092.9,121.5130696,37.43198383,44.55,171.29,7.1208,8,7.7890625,10
2283.0,553093.0,121.51306999,37.431982,44.55,171.3,7.354800000000001,8,7.8515625,10
2283.0,553093.1,121.51307038,37.43198015,44.54,171.26,7.4087999999999985,8,7.8515625,10
2283.0,553093.2,121.51307077,37.43197833,44.54,171.21,7.279199999999999,8,7.7734375,10
2283.0,553093.3,121.51307129,37.43197559,44.54,171.23,7.4016,8,7.734375,10
2283.0,553093.4,121.51307166,37.43197374,44.54,171.23,7.6536,8,7.8125,10
2283.0,553093.5,121.51307214,37.43197229,44.54,171.07,7.6356,8,7.7890625,10
2283.0,553093.6,121.51307251,37.43197048,44.54,170.97,7.2216,8,7.7890625,10
2283.0,553093.7,121.51307288,37.43196828,44.54,171.0,7.282800000000001,8,7.7890625,10
2283.0,553093.8,121.51307323,37.43196644,44.54,171.02,7.3980000000000015,8,7.734375,10
2283.0,553093.91,121.51307369999999,37.43196435,44.53,170.99,7.4376,8,7.734375,10
2283.0,553094.0,121.51307406,37.43196273,44.53,170.9,7.322399999999999,8,7.828125,10
2283.0,553094.1,121.51307443,37.43196085,44.53,170.87,7.246799999999999,8,7.8125,10
2283.0,553094.2,121.51307479,37.43195901,44.53,170.86,7.38,8,7.828125,10
2283.0,553094.3,121.51307517,37.43195704,44.53,170.8,7.5816,8,7.8125,10
2283.0,553094.4,121.51307556,37.43195522,44.53,170.7,7.7040000000000015,8,7.7890625,10
2283.0,553094.5,121.51307596,37.43195414,44.53,170.57,7.4087999999999985,8,7.7890625,10
2283.0,553094.6,121.51307632,37.43195231,44.53,170.53,7.0632,8,7.8828125,10
2283.0,553094.7,121.51307681,37.43194951,44.53,170.56,7.1892000000000005,8,7.8828125,10
2283.0,553094.81,121.51307720000001,37.43194747,44.53,170.55,7.3296,8,7.8515625,10
2283.0,553094.9,121.51307749,37.43194577,44.53,170.52,7.6968,8,7.8515625,10
2283.0,553095.01,121.51307793,37.43194374,44.53,170.45,7.6932,8,7.7734375,10
2283.0,553095.1,121.51307826,37.43194232,44.52,170.37,7.516800000000001,8,7.7890625,10
2283.0,553095.21,121.51307872,37.43194032,44.52,170.33,7.3476,8,7.8125,10
2283.0,553095.3,121.51307919,37.43193783,44.52,170.36,7.484400000000001,8,7.8515625,10
2283.0,553095.4,121.51307959,37.431936,44.52,170.29,7.542000000000002,8,7.828125,10
2283.0,553095.51,121.51308013,37.43193387,44.52,170.23,7.5024000000000015,8,7.7890625,10
2283.0,553095.6,121.51308049999999,37.43193219,44.52,170.28,7.394399999999999,8,7.734375,10
2283.0,553095.7,121.5130809,37.4319301,44.52,170.33,7.4916,8,7.7734375,10
2283.0,553095.8,121.51308132,37.43192828,44.52,170.23,7.6068,8,7.8125,10
2283.0,553095.9,121.5130817,37.43192678,44.52,170.08,7.4052,8,7.828125,10
2283.0,553096.0,121.51308205,37.43192494,44.52,170.06,7.282800000000001,8,7.7734375,10
2283.0,553096.1,121.51308245,37.43192293,44.52,170.04,7.452000000000001,8,7.7734375,10
2283.0,553096.21,121.51308289,37.43192091,44.52,170.0,7.585200000000001,8,7.7890625,10
2283.0,553096.3,121.51308332,37.4319196,44.52,169.87,7.3584,8,7.7734375,10
2283.0,553096.4,121.51308371,37.43191776,44.52,169.86,7.1244000000000005,8,7.7734375,10
2283.0,553096.5,121.51308417,37.43191543,44.52,169.88,7.250399999999999,8,7.71875,10
2283.0,553096.6,121.51308458,37.43191359,44.52,169.87,7.5456,8,7.6953125,10
2283.0,553096.7,121.51308504,37.43191192,44.52,169.76,7.790400000000001,8,7.71875,10
2283.0,553096.8,121.51308547,37.4319101,44.52,169.69,7.5996000000000015,8,7.7734375,10
2283.0,553096.91,121.51308593,37.43190826,44.51,169.73,7.3584,8,7.734375,10
2283.0,553097.0,121.51308628,37.4319066,44.51,169.85,7.3044,8,7.734375,10
2283.0,553097.1,121.51308673,37.43190466,44.51,169.94,7.4916,8,7.7890625,10
2283.0,553097.21,121.51308715,37.43190262,44.51,170.06,7.426800000000001,8,7.8515625,10
2283.0,553097.31,121.51308758,37.43190070000001,44.51,170.21,7.4484,8,7.8671875,10
2283.0,553097.4,121.51308793,37.43189903,44.51,170.31,7.685999999999999,8,7.921875,10
2283.0,553097.5,121.51308842,37.43189728,44.5,170.34,7.6320000000000014,8,7.8671875,10
2283.0,553097.6,121.51308884,37.43189542,44.5,170.39,7.5024000000000015,8,7.90625,10
2283.0,553097.7,121.51308921,37.43189359,44.5,170.48,7.513200000000001,8,7.921875,10
2283.0,553097.8,121.51308959,37.4318917,44.5,170.56,7.614000000000001,8,7.8828125,10
2283.0,553097.9,121.51309003,37.43188986,44.5,170.61,7.6716,8,7.90625,10
2283.0,553098.0,121.51309038,37.43188796,44.5,170.74,7.5996000000000015,8,7.921875,10
2283.0,553098.1,121.51309079,37.43188604,44.5,170.82,7.6032,8,7.9453125,10
2283.0,553098.21,121.5130912,37.43188397,44.5,170.88,7.7112,8,7.921875,10
2283.0,553098.31,121.51309161,37.43188189999999,44.5,170.96,7.6968,8,7.9453125,10
2283.0,553098.41,121.51309199,37.43187998,44.49,171.03,7.794,8,7.921875,10
2283.0,553098.5,121.51309231,37.43187826,44.49,171.07,7.772399999999998,8,7.984375,10
2283.0,553098.6,121.51309269,37.43187635,44.49,171.11,7.5996000000000015,8,8.0,10
2283.0,553098.7,121.51309308,37.43187445,44.49,171.1,7.506,8,7.9453125,10
2283.0,553098.8,121.51309343,37.43187257,44.49,171.12,7.5996000000000015,8,7.9609375,10
2283.0,553098.9,121.51309383,37.43187069,44.49,171.08,7.804800000000001,8,7.9453125,10
2283.0,553099.0,121.5130942,37.43186878,44.49,171.06,7.6716,8,7.921875,10
2283.0,553099.1,121.5130946,37.43186682,44.48,171.1,7.6103999999999985,8,7.984375,10
2283.0,553099.2,121.51309496,37.43186493,44.48,171.08,7.6788,8,7.90625,10
2283.0,553099.31,121.51309540000001,37.43186306,44.48,170.99,7.614000000000001,8,7.8515625,10
2283.0,553099.41,121.51309578,37.4318612,44.48,170.88,7.5996000000000015,8,7.8515625,10
2283.0,553099.51,121.51309624,37.4318593,44.48,170.86,7.394399999999999,8,7.828125,10
2283.0,553099.61,121.51309659,37.43185744,44.48,170.86,7.3764,8,7.8125,10
2283.0,553099.7,121.51309701,37.43185557,44.48,170.8,7.4952,8,7.8671875,10
2283.0,553099.8,121.51309744,37.43185374,44.48,170.68,7.577999999999999,8,7.8515625,10
2283.0,553099.91,121.51309793,37.43185195,44.47,170.6,7.4700000000000015,8,7.7890625,10
2283.0,553100.0,121.51309825,37.43185029,44.48,170.58,7.4879999999999995,8,7.7734375,10
2283.0,553100.1,121.51309876,37.43184844,44.47,170.46,7.444800000000001,8,7.71875,10
2283.0,553100.2,121.51309917,37.43184658,44.47,170.42,7.4628,8,7.75,10
2283.0,553100.3,121.51309952,37.43184453,44.46,170.45,7.3476,8,7.8125,10
2283.0,553100.4,121.51309995,37.43184272,44.46,170.32,7.441200000000001,8,7.7890625,10
2283.0,553100.5,121.51310036,37.43184123,44.46,170.19,7.4772,8,7.7734375,10
2283.0,553100.61,121.51310079999999,37.43183924,44.46,170.11,7.441200000000001,8,7.75,10
2283.0,553100.7,121.51310116,37.43183751,44.46,170.09,7.3152,8,7.7734375,10
2283.0,553100.8,121.51310157,37.43183567,44.46,170.06,7.369200000000001,8,7.7890625,10
2283.0,553100.9,121.51310209,37.43183376,44.46,169.98,7.4556,8,7.7734375,10
2283.0,553101.0,121.51310252,37.43183193,44.45,169.9,7.4376,8,7.7734375,10
2283.0,553101.11,121.513103,37.43182992,44.45,169.79,7.4052,8,7.6953125,10
2283.0,553101.2,121.51310337,37.43182828,44.45,169.71,7.4772,8,7.75,10
2283.0,553101.31,121.51310367,37.43182675,44.45,169.62,7.5636,8,7.7890625,10
2283.0,553101.4,121.51310404,37.43182514,44.45,169.46,7.322399999999999,8,7.6796875,10
2283.0,553101.5,121.51310454,37.43182296,44.45,169.4,7.1136,8,7.71875,10
2283.0,553101.6,121.51310494,37.43182112,44.45,169.42,7.2576,8,7.7890625,10
2283.0,553101.7,121.51310543,37.43181916,44.45,169.37,7.5996000000000015,8,7.8125,10
2283.0,553101.81,121.51310593,37.43181716,44.44,169.3,7.6716,8,7.8125,10
2283.0,553101.9,121.51310642,37.4318158,44.44,169.12,7.614000000000001,8,7.7890625,10
2283.0,553102.0,121.51310689,37.43181398,44.44,169.08,7.2684000000000015,8,7.7890625,10
2283.0,553102.1,121.51310741,37.43181188,44.44,169.1,7.254,8,7.828125,10
2283.0,553102.2,121.51310785,37.43181002,44.44,169.08,7.498800000000001,8,7.8828125,10
2283.0,553102.3,121.51310835,37.43180818,44.43,168.97,7.682399999999999,8,7.8828125,10
2283.0,553102.4,121.51310884,37.43180636,44.43,168.83,7.6068,8,7.8671875,10
2283.0,553102.51,121.51310938,37.43180439,44.43,168.77,7.498800000000001,8,7.8515625,10
2283.0,553102.6,121.51310978,37.4318027,44.43,168.77,7.416,8,7.828125,10
2283.0,553102.7,121.51311024,37.43180083,44.42,168.64,7.498800000000001,8,7.828125,10
2283.0,553102.8,121.51311071,37.43179902,44.43,168.45,7.4879999999999995,8,7.8671875,10
2283.0,553102.9,121.51311119,37.43179734,44.42,168.29,7.484400000000001,8,7.8671875,10
2283.0,553103.0,121.51311166,37.4317955,44.42,168.19,7.4592,8,7.8671875,10
2283.0,553103.11,121.51311223,37.43179341,44.42,168.1,7.4196,8,7.8828125,10
2283.0,553103.2,121.51311268,37.43179175,44.42,168.02,7.538399999999998,8,7.8515625,10
2283.0,553103.3,121.51311319999999,37.43179007,44.42,167.87,7.372800000000002,8,7.734375,10
2283.0,553103.41,121.51311374,37.43178807,44.42,167.75,7.322399999999999,8,7.8125,10
2283.0,553103.5,121.51311423,37.43178643,44.42,167.62,7.6212,8,7.7734375,10
2283.0,553103.61,121.51311477,37.43178441,44.42,167.5,7.660800000000001,8,7.8515625,10
2283.0,553103.7,121.51311529,37.43178291,44.42,167.35,7.308,8,7.90625,10
2283.0,553103.8,121.51311579,37.43178107,44.42,167.29,7.1784,8,7.828125,10
2283.0,553103.9,121.51311639,37.43177881,44.42,167.2,7.434,8,7.7890625,10
2283.0,553104.0,121.5131169,37.43177697,44.42,167.04,7.5996000000000015,8,7.7890625,10
2283.0,553104.11,121.51311757,37.43177499,44.42,166.86,7.484400000000001,8,7.8125,10
2283.0,553104.2,121.51311806,37.43177338,44.42,166.78,7.372800000000002,8,7.8125,10
2283.0,553104.3,121.51311872,37.43177147,44.41,166.72,7.4736,8,7.8515625,10
2283.0,553104.4,121.5131193,37.43176964,44.41,166.64,7.574400000000002,8,7.7890625,10
2283.0,553104.51,121.51312003,37.43176773,44.41,166.47,7.362,8,7.734375,10
2283.0,553104.61,121.51312059,37.43176594,44.41,166.34,7.4232,8,7.75,10
2283.0,553104.7,121.51312117,37.43176435,44.41,166.22,7.3296,8,7.7890625,10
2283.0,553104.8,121.51312173,37.43176252,44.41,166.17,7.343999999999999,8,7.7734375,10
2283.0,553104.9,121.51312236,37.43176051,44.41,166.08,7.336799999999998,8,7.7890625,10
2283.0,553105.0,121.51312296,37.43175875,44.41,165.94,7.3872,8,7.734375,10
2283.0,553105.1,121.51312352,37.43175699,44.41,165.8,7.506,8,7.71875,10
2283.0,553105.21,121.51312416,37.43175502,44.41,165.69,7.5276,8,7.7890625,10
2283.0,553105.31,121.51312468,37.43175343,44.4,165.6,7.5492,8,7.8515625,10
2283.0,553105.4,121.51312522,37.43175182,44.4,165.45,7.466399999999998,8,7.8515625,10
2283.0,553105.5,121.51312609,37.43174959,44.4,165.34,7.236000000000001,8,7.7890625,10
2283.0,553105.6,121.51312668,37.43174777,44.4,165.29,7.272,8,7.8125,10
2283.0,553105.7,121.51312734,37.43174567,44.4,165.22,7.5456,8,7.7890625,10
2283.0,553105.8,121.51312795,37.43174385,44.4,165.08,7.7436,8,7.828125,10
2283.0,553105.91,121.51312861,37.43174197,44.4,164.99,7.8192,8,7.90625,10
2283.0,553106.01,121.51312923,37.43174017,44.4,164.82,7.776000000000002,8,7.8828125,10
2283.0,553106.1,121.51312984,37.43173861,44.4,164.69,7.3476,8,7.8515625,10
2283.0,553106.2,121.51313046,37.43173676,44.4,164.61,7.394399999999999,8,7.8125,10
2283.0,553106.3,121.51313113,37.43173476,44.4,164.51,7.4556,8,7.828125,10
2283.0,553106.41,121.51313184,37.4317328,44.4,164.35,7.4916,8,7.828125,10
2283.0,553106.5,121.51313251,37.43173123,44.4,164.26,7.4736,8,7.828125,10
2283.0,553106.6,121.51313317,37.43172942,44.4,164.2,7.552799999999999,8,7.828125,10
2283.0,553106.71,121.51313392,37.43172754,44.4,164.12,7.6536,8,7.8515625,10
2283.0,553106.8,121.51313452,37.43172593,44.4,163.95,7.6716,8,7.828125,10
2283.0,553106.91,121.51313525,37.43172419,44.4,163.77,7.577999999999999,8,7.75,10
2283.0,553107.01,121.51313593,37.43172242,44.4,163.61,7.3836,8,7.734375,10
2283.0,553107.1,121.51313657,37.43172063,44.4,163.6,7.282800000000001,8,7.8125,10
2283.0,553107.2,121.51313726,37.43171885,44.4,163.53,7.3332,8,7.8125,10
2283.0,553107.3,121.51313801,37.431717,44.4,163.4,7.4196,8,7.828125,10
2283.0,553107.4,121.51313870000001,37.43171523,44.4,163.26,7.570800000000001,8,7.8125,10
2283.0,553107.51,121.51313950000001,37.43171329,44.4,163.13,7.6392,8,7.734375,10
2283.0,553107.61,121.51314019,37.43171149,44.4,163.05,7.498800000000001,8,7.7734375,10
2283.0,553107.7,121.5131408,37.43170991,44.4,162.93,7.577999999999999,8,7.8125,10
2283.0,553107.8,121.51314149,37.43170813,44.4,162.77,7.5348,8,7.828125,10
2283.0,553107.91,121.51314224,37.43170627,44.4,162.61,7.441200000000001,8,7.7890625,10
2283.0,553108.01,121.51314296,37.43170448,44.4,162.51,7.2288000000000014,8,7.7890625,10
2283.0,553108.11,121.51314377,37.43170255,44.4,162.43,7.279199999999999,8,7.71875,10
2283.0,553108.2,121.51314442,37.43170093,44.4,162.39,7.556400000000001,8,7.75,10
2283.0,553108.3,121.51314513,37.43169927,44.4,162.26,7.6536,8,7.8515625,10
2283.0,553108.4,121.51314586,37.43169749,44.4,162.11,7.7040000000000015,8,7.828125,10
2283.0,553108.5,121.5131466,37.43169584,44.4,161.95,7.574400000000002,8,7.8125,10
2283.0,553108.61,121.51314740000002,37.43169389,44.4,161.79,7.506,8,7.8125,10
2283.0,553108.7,121.5131481,37.43169226,44.4,161.7,7.1712,8,7.7890625,10
2283.0,553108.8,121.51314884,37.43169047,44.4,161.66,7.2936,8,7.8125,10
2283.0,553108.9,121.51314963,37.43168859,44.4,161.62,7.4879999999999995,8,7.8828125,10
2283.0,553109.01,121.51315047,37.43168663,44.4,161.51,7.556400000000001,8,7.8828125,10
2283.0,553109.11,121.51315129,37.43168487,44.4,161.35,7.7040000000000015,8,7.8671875,10
2283.0,553109.2,121.51315202,37.43168328,44.4,161.19,7.6932,8,7.8515625,10
2283.0,553109.3,121.51315287,37.43168156,44.4,161.08,7.4700000000000015,8,7.7734375,10
2283.0,553109.4,121.51315362,37.43167975,44.4,161.02,7.4196,8,7.8125,10
2283.0,553109.5,121.51315441,37.43167803,44.4,160.88,7.4916,8,7.828125,10
2283.0,553109.61,121.51315526,37.4316761,44.4,160.72,7.3872,8,7.8125,10
2283.0,553109.71,121.51315611,37.43167427,44.39,160.63,7.3152,8,7.8125,10
2283.0,553109.81,121.51315688,37.43167248,44.4,160.57,7.3296,8,7.7890625,10
2283.0,553109.9,121.51315764,37.43167078,44.4,160.48,7.5492,8,7.734375,10
2283.0,553110.0,121.51315844,37.43166903,44.4,160.34,7.682399999999999,8,7.7734375,10
2283.0,553110.11,121.51315935,37.43166716,44.4,160.19,7.588800000000001,8,7.828125,10
2283.0,553110.21,121.51316015,37.43166541,44.4,160.07,7.4592,8,7.8125,10
2283.0,553110.31,121.51316101,37.43166366,44.4,159.94,7.4484,8,7.6953125,10
2283.0,553110.41,121.51316181,37.43166192,44.4,159.77,7.369200000000001,8,7.6953125,10
2283.0,553110.5,121.51316261,37.4316602,44.4,159.73,7.322399999999999,8,7.7734375,10
2283.0,553110.6,121.51316340000001,37.43165841,44.4,159.67,7.416,8,7.8125,10
2283.0,553110.71,121.51316428,37.43165648,44.4,159.58,7.3836,8,7.8828125,10
2283.0,553110.81,121.51316509,37.43165473,44.4,159.46,7.7616,8,7.8125,10
2283.0,553110.91,121.51316592,37.43165329,44.4,159.23,7.9416,8,7.7890625,10
2283.0,553111.01,121.51316679,37.43165154,44.4,159.04,7.6536,8,7.7890625,10
2283.0,553111.1,121.51316756,37.43164999,44.4,159.08,7.2036,8,7.8828125,10
2283.0,553111.2,121.51316841,37.431648200000005,44.4,159.12,7.4592,8,7.828125,10
2283.0,553111.31,121.51316940000001,37.43164623,44.4,159.09,7.642800000000001,8,7.8828125,10
2283.0,553111.41,121.51317028,37.4316445,44.4,159.06,7.585200000000001,8,7.8828125,10
2283.0,553111.51,121.51317118,37.43164269,44.39,159.11,7.552799999999999,8,7.8828125,10
2283.0,553111.61,121.51317202,37.43164091,44.39,159.15,7.682399999999999,8,7.828125,10
2283.0,553111.7,121.51317276,37.4316395,44.39,159.12,7.7796,8,7.8515625,10
2283.0,553111.8,121.51317363,37.43163775,44.4,159.08,7.6032,8,7.828125,10
2283.0,553111.91,121.51317461,37.43163577,44.4,159.08,7.4772,8,7.8125,10
2283.0,553112.0,121.51317536,37.43163415,44.39,159.14,7.5276,8,7.8828125,10
2283.0,553112.11,121.51317637,37.43163218,44.4,159.11,7.56,8,7.8828125,10
2283.0,553112.2,121.51317714,37.43163061,44.4,159.06,7.5024000000000015,8,7.90625,10
2283.0,553112.3,121.51317805,37.43162872,44.39,159.1,7.5096,8,7.8515625,10
2283.0,553112.4,121.51317887,37.43162693,44.39,159.17,7.5456,8,7.7890625,10
2283.0,553112.51,121.51317976,37.43162502,44.39,159.22,7.7112,8,7.7890625,10
2283.0,553112.61,121.51318061,37.43162326,44.39,159.19,7.948800000000001,8,7.7890625,10
2283.0,553112.71,121.51318140000001,37.43162173,44.39,159.1,7.7292,8,7.7734375,10
2283.0,553112.8,121.51318214,37.43162013,44.39,159.09,7.362,8,7.8125,10
2283.0,553112.9,121.51318306,37.43161821,44.39,159.13,7.2756,8,7.7734375,10
2283.0,553113.01,121.51318395,37.43161627,44.39,159.13,7.351199999999999,8,7.71875,10
2283.0,553113.11,121.51318486,37.43161443,44.39,159.15,7.6032,8,7.6953125,10
2283.0,553113.21,121.51318576,37.43161268,44.39,159.14,7.5492,8,7.8125,10
2283.0,553113.3,121.51318659,37.43161098,44.39,159.2,7.577999999999999,8,7.7734375,10
2283.0,553113.4,121.51318745,37.43160924,44.39,159.2,7.5456,8,7.71875,10
2283.0,553113.51,121.51318834,37.43160752,44.39,159.16,7.642800000000001,8,7.7890625,10
2283.0,553113.61,121.51318918,37.43160578,44.39,159.09,7.4879999999999995,8,7.7890625,10
2283.0,553113.71,121.51319009,37.43160395,44.39,159.09,7.3116,8,7.8515625,10
2283.0,553113.8,121.51319084,37.43160233,44.39,159.2,7.426800000000001,8,7.921875,10
2283.0,553113.9,121.51319181,37.4316003,44.39,159.21,7.757999999999999,8,7.90625,10
2283.0,553114.01,121.51319276,37.43159834,44.39,159.18,7.8264,8,7.921875,10
2283.0,553114.11,121.51319363,37.43159669,44.38,159.15,7.6572,8,7.921875,10
2283.0,553114.21,121.51319447,37.43159489999999,44.38,159.19,7.4916,8,7.90625,10
2283.0,553114.3,121.51319529,37.43159312,44.38,159.25,7.7508,8,7.8515625,10
2283.0,553114.4,121.51319616,37.43159133,44.38,159.21,7.9956,8,7.8828125,10
2283.0,553114.51,121.51319706,37.43158968,44.38,159.15,7.9704,8,7.90625,10
2283.0,553114.61,121.51319793,37.43158789,44.38,159.12,7.480799999999999,8,7.90625,10
2283.0,553114.71,121.51319891,37.43158578,44.38,159.22,7.326,8,7.921875,10
2283.0,553114.81,121.51319976,37.43158399,44.38,159.28,7.5996000000000015,8,7.8828125,10
2283.0,553114.91,121.51320062,37.431582299999995,44.37,159.25,7.8228,8,7.8828125,10
2283.0,553115.0,121.51320138,37.43158067,44.37,159.23,7.8588,8,7.9453125,10
2283.0,553115.11,121.51320226,37.43157882,44.37,159.22,7.7472,8,7.90625,10
2283.0,553115.21,121.5132031,37.43157703,44.37,159.19,7.7508,8,7.921875,10
2283.0,553115.31,121.5132038,37.43157562,44.37,159.17,7.682399999999999,8,7.921875,10
2283.0,553115.4,121.51320457,37.43157401,44.37,159.18,7.552799999999999,8,7.8125,10
2283.0,553115.5,121.51320556,37.43157197,44.37,159.23,7.5492,8,7.828125,10
2283.0,553115.6,121.51320642,37.4315702,44.37,159.27,7.577999999999999,8,7.828125,10
2283.0,553115.71,121.5132075,37.43156813,44.37,159.27,7.556400000000001,8,7.8125,10
2283.0,553115.81,121.51320834,37.43156634,44.36,159.33,7.6103999999999985,8,7.8515625,10
2283.0,553115.9,121.51320909,37.43156486,44.37,159.32,7.6644,8,7.8671875,10
2283.0,553116.01,121.51321003,37.43156291,44.37,159.32,7.776000000000002,8,7.7890625,10
2283.0,553116.1,121.51321078,37.43156146,44.36,159.36,7.5816,8,7.734375,10
2283.0,553116.21,121.51321166,37.43155947,44.36,159.54,7.596,8,7.7734375,10
2283.0,553116.31,121.51321266,37.43155734,44.36,159.66,7.6212,8,7.8125,10
2283.0,553116.41,121.51321346,37.43155559,44.36,159.76,7.4628,8,7.7734375,10
2283.0,553116.5,121.51321435,37.43155378,44.36,159.95,7.4772,8,7.7734375,10
2283.0,553116.6,121.51321514,37.43155199,44.36,160.17,7.6032,8,7.6953125,10
2283.0,553116.7,121.51321592,37.43155022,44.36,160.33,7.786799999999999,8,7.734375,10
2283.0,553116.81,121.51321681,37.43154822,44.36,160.48,7.829999999999999,8,7.8125,10
2283.0,553116.91,121.51321751,37.43154675,44.36,160.56,7.722,8,7.828125,10
2283.0,553117.01,121.51321829999999,37.43154494,44.36,160.72,7.5312,8,7.828125,10
2283.0,553117.1,121.51321904,37.43154319,44.36,160.92,7.513200000000001,8,7.7890625,10
2283.0,553117.2,121.51321982,37.43154139,44.36,161.07,7.6788,8,7.7890625,10
2283.0,553117.31,121.51322073,37.43153924,44.36,161.26,7.6392,8,7.7890625,10
2283.0,553117.41,121.51322145,37.43153743,44.36,161.41,7.7652,8,7.8828125,10
2283.0,553117.51,121.51322211,37.43153589,44.36,161.54,7.7256,8,7.90625,10
2283.0,553117.61,121.51322281,37.43153407,44.36,161.73,7.667999999999999,8,7.921875,10
2283.0,553117.7,121.51322357,37.43153243,44.36,161.89,7.5996000000000015,8,7.9453125,10
2283.0,553117.8,121.51322429,37.43153061,44.36,162.13,7.6536,8,7.8828125,10
2283.0,553117.91,121.51322519,37.43152849,44.35,162.37,7.786799999999999,8,7.828125,10
2283.0,553118.0,121.51322589,37.43152686,44.35,162.5,7.8012,8,7.8515625,10
2283.0,553118.11,121.51322663,37.43152505,44.35,162.7,7.642800000000001,8,7.8515625,10
2283.0,553118.21,121.51322731,37.43152326,44.35,162.88,7.5924,8,7.8671875,10
2283.0,553118.3,121.51322789,37.43152158,44.36,163.03,7.585200000000001,8,7.8515625,10
2283.0,553118.4,121.51322855,37.43151974,44.36,163.19,7.682399999999999,8,7.8828125,10
2283.0,553118.51,121.5132293,37.43151763,44.35,163.38,7.570800000000001,8,7.8828125,10
2283.0,553118.61,121.51322994,37.43151578,44.36,163.58,7.552799999999999,8,7.8828125,10
2283.0,553118.71,121.51323051,37.43151417,44.36,163.74,7.722,8,7.7890625,10
2283.0,553118.81,121.51323117,37.43151234,44.36,163.87,7.6752,8,7.7890625,10
2283.0,553118.9,121.5132318,37.43151066,44.36,164.03,7.6968,8,7.7734375,10
2283.0,553119.01,121.51323247,37.43150864,44.36,164.23,7.7076,8,7.7890625,10
2283.0,553119.11,121.51323313,37.43150686,44.36,164.33,7.848000000000001,8,7.8125,10
2283.0,553119.21,121.51323376,37.43150503,44.36,164.43,7.685999999999999,8,7.828125,10
2283.0,553119.3,121.51323444,37.43150327,44.36,164.63,7.38,8,7.71875,10
2283.0,553119.4,121.51323506,37.431501399999995,44.36,164.91,7.426800000000001,8,7.6953125,10
2283.0,553119.51,121.51323564,37.43149936,44.36,165.16,7.5492,8,7.7734375,10
2283.0,553119.61,121.51323625,37.43149752,44.36,165.3,7.829999999999999,8,7.7890625,10
2283.0,553119.71,121.5132362,37.43149732,44.37,165.37,7.7508,8,7.7734375,10
2283.0,553119.81,121.51323678,37.431495500000004,44.37,165.47,7.5492,8,7.7890625,10
2283.0,553119.9,121.51323725,37.43149396,44.37,165.63,7.2324,8,7.734375,10
2283.0,553120.0,121.51323779,37.43149216,44.37,165.84,7.264799999999998,8,7.7734375,10
2283.0,553120.11,121.51323856,37.43148984,44.37,166.03,7.343999999999999,8,7.828125,10
2283.0,553120.21,121.51323913,37.43148804,44.37,166.19,7.5096,8,7.8515625,10
2283.0,553120.31,121.51323968,37.43148654,44.37,166.26,7.6032,8,7.8125,10
2283.0,553120.41,121.51324023,37.43148478,44.38,166.31,7.5924,8,7.8515625,10
2283.0,553120.5,121.51324053,37.43148354,44.38,166.33,7.369200000000001,8,7.828125,10
2283.0,553120.6,121.51324107,37.43148176,44.38,166.33,7.4052,8,7.8515625,10
2283.0,553120.71,121.51324163,37.43147972,44.38,166.36,7.5636,8,7.8515625,10
2283.0,553120.81,121.51324216,37.43147793,44.38,166.35,7.2756,8,7.90625,10
2283.0,553120.91,121.51324282,37.43147582,44.38,166.36,7.322399999999999,8,7.90625,10
2283.0,553121.0,121.51324331,37.43147423,44.38,166.37,7.5636,8,7.8828125,10
2283.0,553121.1,121.51324392,37.43147246,44.38,166.34,7.6212,8,7.8125,10
2283.0,553121.21,121.51324455,37.43147051,44.38,166.29,7.4196,8,7.8125,10
2283.0,553121.31,121.51324514,37.43146851,44.38,166.3,7.4376,8,7.828125,10
2283.0,553121.41,121.5132457,37.43146669,44.38,166.28,7.6032,8,7.828125,10
2283.0,553121.51,121.51324628,37.43146517,44.39,166.17,7.6103999999999985,8,7.8125,10
2283.0,553121.61,121.51324685,37.43146339,44.39,166.09,7.282800000000001,8,7.8515625,10
2283.0,553121.7,121.51324745,37.43146144,44.39,166.14,7.1424,8,7.8125,10
2283.0,553121.81,121.51324807,37.43145946,44.39,166.15,7.254,8,7.6953125,10
2283.0,553121.91,121.51324867,37.43145752,44.39,166.12,7.4592,8,7.7734375,10
2283.0,553122.01,121.51324923,37.43145575,44.39,166.04,7.4736,8,7.7890625,10
2283.0,553122.1,121.51324977,37.43145422,44.39,165.94,7.318799999999999,8,7.828125,10
2283.0,553122.2,121.51325031,37.43145247,44.4,165.87,7.340400000000002,8,7.828125,10
2283.0,553122.31,121.51325092,37.43145061,44.4,165.75,7.434,8,7.734375,10
2283.0,553122.41,121.51325151,37.43144886,44.4,165.58,7.4052,8,7.71875,10
2283.0,553122.51,121.51325228,37.43144689,44.4,165.46,7.1172,8,7.7890625,10
2283.0,553122.61,121.51325287,37.43144511,44.4,165.42,7.0596000000000005,8,7.8515625,10
2283.0,553122.7,121.51325346,37.43144334,44.4,165.37,7.4556,8,7.8515625,10
2283.0,553122.8,121.51325407,37.43144157,44.4,165.19,7.6392,8,7.828125,10
2283.0,553122.91,121.51325468,37.4314399,44.41,165.03,7.5276,8,7.8515625,10
2283.0,553123.01,121.51325530000001,37.43143812,44.41,164.94,7.5204,8,7.8125,10
2283.0,553123.11,121.51325598,37.4314364,44.41,164.81,7.4556,8,7.828125,10
2283.0,553123.2,121.51325657,37.43143477,44.41,164.71,7.3872,8,7.90625,10
2283.0,553123.3,121.51325751,37.43143249,44.4,164.57,7.3296,8,7.8671875,10
2283.0,553123.41,121.5132582,37.43143053,44.41,164.42,7.326,8,7.921875,10
2283.0,553123.51,121.51325884,37.43142877,44.41,164.22,7.372800000000002,8,7.921875,10
2283.0,553123.61,121.51325948,37.43142697,44.41,164.08,7.351199999999999,8,7.8828125,10
2283.0,553123.71,121.51326023,37.43142497,44.41,163.97,7.513200000000001,8,7.8515625,10
2283.0,553123.81,121.51326092,37.43142316,44.41,163.8,7.5816,8,7.8515625,10
2283.0,553123.9,121.51326154,37.43142167,44.41,163.65,7.4232,8,7.7890625,10
2283.0,553124.01,121.51326227,37.431419700000006,44.42,163.45,7.5204,8,7.828125,10
2283.0,553124.11,121.51326293,37.43141802,44.42,163.21,7.484400000000001,8,7.8515625,10
2283.0,553124.21,121.51326359999999,37.43141623,44.42,162.95,7.426800000000001,8,7.8671875,10
2283.0,553124.31,121.51326440000001,37.43141397,44.42,162.76,7.1424,8,7.8828125,10
2283.0,553124.4,121.51326501,37.43141233,44.42,162.62,7.3584,8,7.8515625,10
2283.0,553124.51,121.51326584,37.43141024,44.42,162.29,7.480799999999999,8,7.7890625,10
2283.0,553124.61,121.51326663,37.43140849,44.42,161.92,7.570800000000001,8,7.75,10
2283.0,553124.71,121.51326738,37.43140713,44.43,161.52,7.56,8,7.8125,10
2283.0,553124.81,121.51326819,37.43140537,44.43,161.16,7.4376,8,7.7734375,10
2283.0,553124.9,121.51326904,37.43140359,44.42,160.88,7.2432,8,7.7734375,10
2283.0,553125.01,121.5132699,37.43140167,44.43,160.54,7.1712,8,7.7734375,10
2283.0,553125.11,121.51327079999999,37.43139984,44.43,160.2,7.2144,8,7.6953125,10
2283.0,553125.2,121.51327155,37.43139833,44.43,159.9,7.3152,8,7.734375,10
2283.0,553125.3,121.51327259,37.43139648,44.43,159.62,7.3872,8,7.7890625,10
2283.0,553125.41,121.51327359,37.43139463,44.43,159.26,7.444800000000001,8,7.7734375,10
2283.0,553125.51,121.51327448,37.43139315,44.43,158.93,7.441200000000001,8,7.7734375,10
2283.0,553125.61,121.51327538,37.43139146,44.43,158.55,7.3332,8,7.7734375,10
2283.0,553125.7,121.51327625,37.43138987,44.43,158.28,7.056,8,7.7734375,10
2283.0,553125.8,121.51327715,37.43138808,44.43,158.03,7.2396,8,7.828125,10
2283.0,553125.9,121.51327814,37.43138615,44.43,157.71,7.4772,8,7.8828125,10
2283.0,553126.01,121.51327916,37.43138428,44.43,157.29,7.552799999999999,8,7.90625,10
2283.0,553126.11,121.51328001,37.43138287,44.43,156.89,7.4052,8,7.828125,10
2283.0,553126.21,121.51328095,37.43138115,44.43,156.61,7.4232,8,7.8125,10
2283.0,553126.31,121.51328195,37.43137934,44.43,156.33,7.4556,8,7.8125,10
2283.0,553126.4,121.51328283,37.43137783,44.44,156.04,7.3872,8,7.8125,10
2283.0,553126.51,121.51328391,37.43137595,44.44,155.7,7.4087999999999985,8,7.8515625,10
2283.0,553126.61,121.51328490000002,37.43137426,44.44,155.4,7.4556,8,7.8515625,10
2283.0,553126.71,121.51328594,37.43137263,44.44,155.07,7.5312,8,7.828125,10
2283.0,553126.81,121.51328696,37.43137098,44.44,154.69,7.4484,8,7.7734375,10
2283.0,553126.9,121.51328795,37.43136954,44.44,154.38,7.2,8,7.7734375,10
2283.0,553127.0,121.51328902,37.43136792,44.44,154.1,7.2396,8,7.7734375,10
2283.0,553127.11,121.51329029,37.43136605,44.44,153.8,7.4304000000000014,8,7.8125,10
2283.0,553127.21,121.51329138,37.43136433,44.44,153.6,7.372800000000002,8,7.734375,10
2283.0,553127.31,121.51329262,37.43136209,44.44,153.48,7.3908,8,7.6953125,10
2283.0,553127.41,121.51329367,37.43136041,44.44,153.31,7.4879999999999995,8,7.7734375,10
2283.0,553127.5,121.51329453,37.43135926,44.44,153.12,7.5348,8,7.7890625,10
2283.0,553127.6,121.51329558,37.43135758,44.45,152.98,7.538399999999998,8,7.8515625,10
2283.0,553127.71,121.51329679,37.4313561,44.45,152.88,7.394399999999999,8,7.8671875,10
2283.0,553127.81,121.51329785,37.43135441,44.45,152.86,7.4772,8,7.8125,10
2283.0,553127.91,121.51329895,37.43135272,44.45,152.87,7.466399999999998,8,7.8125,10
2283.0,553128.01,121.51330002,37.43135105,44.45,152.94,7.4484,8,7.828125,10
2283.0,553128.1,121.51330104,37.43134942,44.45,153.03,7.484400000000001,8,7.8515625,10
2283.0,553128.2,121.51330211,37.43134774,44.45,153.13,7.6644,8,7.8828125,10
2283.0,553128.31,121.51330317,37.43134609,44.45,153.17,7.754399999999999,8,7.921875,10
2283.0,553128.41,121.51330424,37.43134441,44.46,153.19,7.7832,8,7.90625,10
2283.0,553128.51,121.5133051,37.43134310000001,44.45,153.16,7.5816,8,7.828125,10
2283.0,553128.61,121.51330614,37.43134142,44.46,153.15,7.4196,8,7.828125,10
2283.0,553128.7,121.51330716,37.43133971,44.46,153.14,7.3656,8,7.8125,10
2283.0,553128.81,121.51330831,37.43133788,44.46,153.12,7.362,8,7.8125,10
2283.0,553128.91,121.5133094,37.4313359,44.46,153.18,7.351199999999999,8,7.8828125,10
2283.0,553129.01,121.51331043,37.43133418,44.47,153.28,7.596,8,7.8828125,10
2283.0,553129.11,121.51331154,37.43133258,44.47,153.26,7.808400000000002,8,7.8515625,10
2283.0,553129.2,121.51331251,37.43133111,44.47,153.13,7.585200000000001,8,7.7890625,10
2283.0,553129.3,121.51331363,37.4313294,44.48,153.17,7.308,8,7.734375,10
2283.0,553129.41,121.5133148,37.43132756,44.48,153.2,7.412400000000001,8,7.75,10
2283.0,553129.51,121.51331602,37.43132545,44.48,153.23,7.498800000000001,8,7.7890625,10
2283.0,553129.61,121.51331707,37.43132377,44.48,153.23,7.3584,8,7.828125,10
2283.0,553129.7,121.51331816,37.43132209,44.48,153.29,7.412400000000001,8,7.828125,10
2283.0,553129.8,121.51331921,37.43132042,44.48,153.36,7.570800000000001,8,7.828125,10
2283.0,553129.9,121.51332023,37.43131889,44.48,153.38,7.6932,8,7.7734375,10
2283.0,553130.01,121.51332142,37.43131706,44.49,153.36,7.682399999999999,8,7.734375,10
2283.0,553130.11,121.51332243,37.431315500000004,44.49,153.38,7.56,8,7.8125,10
2283.0,553130.21,121.51332349,37.43131382,44.49,153.4,7.466399999999998,8,7.8515625,10
2283.0,553130.3,121.51332476,37.4313117,44.49,153.46,7.5096,8,7.7890625,10
2283.0,553130.4,121.51332582,37.43131001,44.49,153.46,7.5312,8,7.7734375,10
2283.0,553130.51,121.51332694,37.43130815,44.49,153.45,7.340400000000002,8,7.8125,10
2283.0,553130.61,121.51332798,37.43130645,44.49,153.51,7.416,8,7.7890625,10
2283.0,553130.71,121.51332899,37.43130472,44.49,153.59,7.6932,8,7.828125,10
2283.0,553130.8,121.51332996,37.4313032,44.49,153.55,7.876800000000001,8,7.8515625,10
2283.0,553130.9,121.51333099,37.43130178,44.5,153.51,7.6644,8,7.8125,10
2283.0,553131.01,121.51333216,37.43129991,44.5,153.51,7.524,8,7.828125,10
2283.0,553131.11,121.51333342,37.43129793,44.5,153.55,7.466399999999998,8,7.7890625,10
2283.0,553131.21,121.51333445,37.431296200000006,44.5,153.59,7.506,8,7.7734375,10
2283.0,553131.31,121.51333558,37.43129363,44.5,153.61,7.685999999999999,8,7.8125,10
2283.0,553131.4,121.51333655,37.43129208,44.5,153.62,7.6536,8,7.8515625,10
