GPSWeek,GPSTime,imu_lon,imu_lat,imu_altitude,headingAngle,v,cmd_v,car_v,shiftLevel,均值,方差,标准差,均方根误差
2284.0,102628.25,121.51111661,37.43477722,33.94,184.69,0.0396,4,0.0,3,3.18317,1.2389111471,1.1130638558052275,1.3806239154816926
2284.0,102628.27,121.51111661,37.43477722,33.94,184.68,0.0216,4,0.0,3,3.18317,1.2389111471,1.1130638558052275,1.3806239154816926
2284.0,102628.35,121.51111661,37.43477722,33.94,184.69,0.0216,4,0.0,3,3.18317,1.2389111471,1.1130638558052275,1.3806239154816926
2284.0,102628.45,121.51111661,37.43477721,33.94,184.69,0.0072000000000000015,4,0.0,3,3.18317,1.2389111471,1.1130638558052275,1.3806239154816926
2284.0,102628.55,121.51111662,37.43477722,33.94,184.69,0.0396,4,0.0,3,3.18317,1.2389111471,1.1130638558052275,1.3806239154816926
2284.0,102628.65,121.51111662,37.43477721,33.94,184.69,0.0252,4,0.0,3,3.18317,1.2389111471,1.1130638558052275,1.3806239154816926
2284.0,102628.75,121.51111662,37.43477722,33.94,184.69,0.0108,4,0.0,3,3.18317,1.2389111471,1.1130638558052275,1.3806239154816926
2284.0,102628.85,121.51111662,37.43477722,33.94,184.69,0.0396,4,0.0,3,3.18317,1.2389111471,1.1130638558052275,1.3806239154816926
2284.0,102628.95,121.51111662,37.43477722,33.94,184.69,0.036000000000000004,4,0.0,3,3.18317,1.2389111471,1.1130638558052275,1.3806239154816926
2284.0,102629.05,121.51111663,37.43477721,33.94,184.69,0.0072000000000000015,4,0.0,3,3.18317,1.2389111471,1.1130638558052275,1.3806239154816926
2284.0,102629.15,121.51111663,37.43477722,33.94,184.69,0.036000000000000004,4,0.0,3,3.18317,1.2389111471,1.1130638558052275,1.3806239154816926
2284.0,102629.25,121.51111663,37.43477721,33.94,184.69,0.0216,4,0.0,3,3.18317,1.2389111471,1.1130638558052275,1.3806239154816926
2284.0,102629.35,121.51111663,37.43477722,33.94,184.69,0.0108,4,0.0,3,3.18317,1.2389111471,1.1130638558052275,1.3806239154816926
2284.0,102629.45,121.51111663,37.43477721,33.94,184.69,0.0396,4,0.0,3,3.18317,1.2389111471,1.1130638558052275,1.3806239154816926
2284.0,102629.55,121.51111663,37.43477722,33.94,184.69,0.0324,4,0.0,3,3.18317,1.2389111471,1.1130638558052275,1.3806239154816926
2284.0,102629.65,121.51111663,37.43477721,33.94,184.69,0.0,4,0.0,3,3.18317,1.2389111471,1.1130638558052275,1.3806239154816926
2284.0,102629.75,121.51111664,37.43477722,33.94,184.68,0.0432,4,0.0,3,3.18317,1.2389111471,1.1130638558052275,1.3806239154816926
2284.0,102629.85,121.51111664,37.43477721,33.94,184.69,0.0396,4,0.0,3,3.18317,1.2389111471,1.1130638558052275,1.3806239154816926
2284.0,102629.95,121.51111664,37.43477722,33.94,184.69,0.0252,4,0.0,3,3.18317,1.2389111471,1.1130638558052275,1.3806239154816926
2284.0,102630.05,121.51111663,37.43477721,33.94,184.7,0.0396,4,0.0,3,3.18317,1.2389111471,1.1130638558052275,1.3806239154816926
2284.0,102630.15,121.51111664,37.43477722,33.94,184.7,0.07200000000000001,4,0.0,3,3.18317,1.2389111471,1.1130638558052275,1.3806239154816926
2284.0,102630.25,121.51111664,37.43477721,33.94,184.68,0.0036000000000000008,4,0.0,3,3.18317,1.2389111471,1.1130638558052275,1.3806239154816926
2284.0,102630.35,121.51111664,37.43477722,33.94,184.69,0.1008,4,0.0,3,3.18317,1.2389111471,1.1130638558052275,1.3806239154816926
2284.0,102630.45,121.51111663,37.43477721,33.94,184.7,0.036000000000000004,4,0.0,3,3.18317,1.2389111471,1.1130638558052275,1.3806239154816926
2284.0,102630.55,121.51111663,37.43477722,33.94,184.7,0.0072000000000000015,4,0.0,3,3.18317,1.2389111471,1.1130638558052275,1.3806239154816926
2284.0,102630.65,121.51111663,37.43477721,33.94,184.69,0.036000000000000004,4,0.0,3,3.18317,1.2389111471,1.1130638558052275,1.3806239154816926
2284.0,102630.75,121.51111663,37.43477722,33.94,184.7,0.018000000000000002,4,0.0,3,3.18317,1.2389111471,1.1130638558052275,1.3806239154816926
2284.0,102630.85,121.51111663,37.43477721,33.94,184.68,0.0144,4,0.0,3,3.18317,1.2389111471,1.1130638558052275,1.3806239154816926
2284.0,102630.95,121.51111663,37.43477722,33.94,184.69,0.0648,4,0.0,3,3.18317,1.2389111471,1.1130638558052275,1.3806239154816926
2284.0,102631.05,121.51111663,37.43477722,33.94,184.69,0.0432,4,0.0,3,3.18317,1.2389111471,1.1130638558052275,1.3806239154816926
2284.0,102631.16,121.51111663,37.43477722,33.94,184.7,0.018000000000000002,4,0.0,3,3.18317,1.2389111471,1.1130638558052275,1.3806239154816926
2284.0,102631.25,121.51111663,37.43477722,33.94,184.69,0.0216,4,0.0,3,3.18317,1.2389111471,1.1130638558052275,1.3806239154816926
2284.0,102631.35,121.51111663,37.43477722,33.94,184.68,0.0072000000000000015,4,0.0,3,3.18317,1.2389111471,1.1130638558052275,1.3806239154816926
2284.0,102631.45,121.51111662,37.43477722,33.94,184.68,0.0252,4,0.0,3,3.18317,1.2389111471,1.1130638558052275,1.3806239154816926
2284.0,102631.55,121.51111662,37.43477722,33.94,184.69,0.0612,4,0.0,3,3.18317,1.2389111471,1.1130638558052275,1.3806239154816926
2284.0,102631.65,121.51111662,37.43477721,33.94,184.69,0.0108,4,0.0,3,3.18317,1.2389111471,1.1130638558052275,1.3806239154816926
2284.0,102631.75,121.51111662,37.43477722,33.94,184.69,0.0144,4,0.0,3,3.18317,1.2389111471,1.1130638558052275,1.3806239154816926
2284.0,102631.85,121.51111662,37.43477722,33.94,184.69,0.036000000000000004,4,0.0,3,3.18317,1.2389111471,1.1130638558052275,1.3806239154816926
2284.0,102631.95,121.51111663,37.43477722,33.94,184.69,0.0108,4,0.0,3,3.18317,1.2389111471,1.1130638558052275,1.3806239154816926
2284.0,102632.05,121.51111662,37.43477721,33.94,184.69,0.0108,4,0.0,3,3.18317,1.2389111471,1.1130638558052275,1.3806239154816926
2284.0,102632.15,121.51111663,37.43477722,33.94,184.69,0.054000000000000006,4,0.0,3,3.18317,1.2389111471,1.1130638558052275,1.3806239154816926
2284.0,102632.25,121.51111662,37.43477721,33.94,184.69,0.0216,4,0.0,3,3.18317,1.2389111471,1.1130638558052275,1.3806239154816926
2284.0,102632.35,121.51111663,37.43477722,33.94,184.69,0.0072000000000000015,4,0.0,3,3.18317,1.2389111471,1.1130638558052275,1.3806239154816926
2284.0,102632.45,121.51111663,37.43477722,33.94,184.69,0.05760000000000001,4,0.0,3,3.18317,1.2389111471,1.1130638558052275,1.3806239154816926
2284.0,102632.55,121.51111663,37.43477722,33.94,184.69,0.028800000000000006,4,0.0,3,3.18317,1.2389111471,1.1130638558052275,1.3806239154816926
2284.0,102632.65,121.51111663,37.43477722,33.94,184.69,0.0108,4,0.0,3,3.18317,1.2389111471,1.1130638558052275,1.3806239154816926
2284.0,102632.75,121.51111664,37.43477723,33.94,184.69,0.0432,4,0.0,3,3.18317,1.2389111471,1.1130638558052275,1.3806239154816926
2284.0,102632.85,121.51111663,37.43477722,33.94,184.69,0.0216,4,0.0,3,3.18317,1.2389111471,1.1130638558052275,1.3806239154816926
2284.0,102632.95,121.51111664,37.43477723,33.94,184.69,0.0108,4,0.0,3,3.18317,1.2389111471,1.1130638558052275,1.3806239154816926
2284.0,102633.05,121.51111664,37.43477723,33.94,184.68,0.0468,4,0.0,3,3.18317,1.2389111471,1.1130638558052275,1.3806239154816926
2284.0,102633.15,121.51111664,37.43477723,33.94,184.69,0.0324,4,0.0,3,3.18317,1.2389111471,1.1130638558052275,1.3806239154816926
2284.0,102633.25,121.51111664,37.43477723,33.94,184.69,0.0072000000000000015,4,0.0,3,3.18317,1.2389111471,1.1130638558052275,1.3806239154816926
2284.0,102633.35,121.51111665,37.43477723,33.94,184.69,0.054000000000000006,4,0.0,3,3.18317,1.2389111471,1.1130638558052275,1.3806239154816926
2284.0,102633.45,121.51111664,37.43477722,33.94,184.69,0.0216,4,0.0,3,3.18317,1.2389111471,1.1130638558052275,1.3806239154816926
2284.0,102633.55,121.51111664,37.43477723,33.94,184.69,0.0072000000000000015,4,0.0,3,3.18317,1.2389111471,1.1130638558052275,1.3806239154816926
2284.0,102633.65,121.51111664,37.43477723,33.94,184.69,0.036000000000000004,4,0.0,3,3.18317,1.2389111471,1.1130638558052275,1.3806239154816926
2284.0,102633.75,121.51111664,37.43477723,33.94,184.69,0.0252,4,0.0,3,3.18317,1.2389111471,1.1130638558052275,1.3806239154816926
2284.0,102633.85,121.51111664,37.43477722,33.94,184.69,0.0072000000000000015,4,0.0,3,3.18317,1.2389111471,1.1130638558052275,1.3806239154816926
2284.0,102633.95,121.51111664,37.43477723,33.94,184.69,0.0324,4,0.0,3,3.18317,1.2389111471,1.1130638558052275,1.3806239154816926
2284.0,102634.05,121.51111663,37.43477722,33.94,184.69,0.0468,4,0.296875,3,3.18317,1.2389111471,1.1130638558052275,1.3806239154816926
2284.0,102634.15,121.51111663,37.434777200000006,33.94,184.68,0.24120000000000005,4,0.4140625,3,3.18317,1.2389111471,1.1130638558052275,1.3806239154816926
2284.0,102634.25,121.51111662,37.43477709,33.94,184.67,0.5075999999999999,4,0.5078125,3,3.18317,1.2389111471,1.1130638558052275,1.3806239154816926
2284.0,102634.35,121.51111659,37.43477696,33.94,184.68,0.6156,4,0.703125,3,3.18317,1.2389111471,1.1130638558052275,1.3806239154816926
2284.0,102634.45,121.51111657,37.4347768,33.94,184.68,0.5904,4,0.8671875,3,3.18317,1.2389111471,1.1130638558052275,1.3806239154816926
2284.0,102634.55,121.51111655,37.43477665,33.94,184.68,0.6408,4,1.0,3,3.18317,1.2389111471,1.1130638558052275,1.3806239154816926
2284.0,102634.65,121.51111653,37.43477645,33.94,184.67,0.8316,4,1.15625,3,3.18317,1.2389111471,1.1130638558052275,1.3806239154816926
2284.0,102634.75,121.51111651,37.43477621,33.94,184.67,1.0404,4,1.2890625,3,3.18317,1.2389111471,1.1130638558052275,1.3806239154816926
2284.0,102634.85,121.51111647,37.43477592,33.94,184.68,1.3212,4,1.328125,3,3.18317,1.2389111471,1.1130638558052275,1.3806239154816926
2284.0,102634.95,121.51111643,37.43477558,33.94,184.71,1.4112,4,1.34375,3,3.18317,1.2389111471,1.1130638558052275,1.3806239154816926
2284.0,102635.05,121.51111637,37.43477521,33.94,184.69,1.3788,4,1.3828125,3,3.18317,1.2389111471,1.1130638558052275,1.3806239154816926
2284.0,102635.15,121.51111631,37.43477485,33.94,184.67,1.5588,4,1.40625,3,3.18317,1.2389111471,1.1130638558052275,1.3806239154816926
2284.0,102635.25,121.51111628,37.43477447,33.94,184.63,1.4976,4,1.40625,3,3.18317,1.2389111471,1.1130638558052275,1.3806239154816926
2284.0,102635.35,121.51111625,37.43477413,33.94,184.62,1.2240000000000002,4,1.4609375,3,3.18317,1.2389111471,1.1130638558052275,1.3806239154816926
2284.0,102635.45,121.51111622,37.434773799999995,33.94,184.64,1.3212,4,1.515625,3,3.18317,1.2389111471,1.1130638558052275,1.3806239154816926
2284.0,102635.55,121.51111619,37.43477345,33.94,184.64,1.4292,4,1.5546875,3,3.18317,1.2389111471,1.1130638558052275,1.3806239154816926
2284.0,102635.65,121.51111614,37.43477309,33.95,184.63,1.2816,4,1.609375,3,3.18317,1.2389111471,1.1130638558052275,1.3806239154816926
2284.0,102635.75,121.51111609999998,37.43477275,33.95,184.56,1.5228,4,1.6484375,3,3.18317,1.2389111471,1.1130638558052275,1.3806239154816926
2284.0,102635.85,121.51111607,37.43477234,33.95,184.52,1.7784,4,1.7109375,3,3.18317,1.2389111471,1.1130638558052275,1.3806239154816926
2284.0,102635.95,121.51111602,37.43477192,33.95,184.58,1.5804,4,1.78125,3,3.18317,1.2389111471,1.1130638558052275,1.3806239154816926
2284.0,102636.06,121.51111599,37.43477145,33.95,184.57,1.7748,4,1.859375,3,3.18317,1.2389111471,1.1130638558052275,1.3806239154816926
2284.0,102636.15,121.51111594,37.43477104,33.95,184.57,1.8072,4,1.9375,3,3.18317,1.2389111471,1.1130638558052275,1.3806239154816926
2284.0,102636.25,121.51111591,37.43477058,33.95,184.46,1.8036,4,2.0078125,3,3.18317,1.2389111471,1.1130638558052275,1.3806239154816926
2284.0,102636.35,121.51111586,37.43477012,33.95,184.46,1.8684,4,2.109375,3,3.18317,1.2389111471,1.1130638558052275,1.3806239154816926
2284.0,102636.45,121.51111582,37.43476962,33.95,184.46,1.8504,4,2.1640625,3,3.18317,1.2389111471,1.1130638558052275,1.3806239154816926
2284.0,102636.55,121.51111575,37.4347691,33.95,184.5,2.0736,4,2.2578125,3,3.18317,1.2389111471,1.1130638558052275,1.3806239154816926
2284.0,102636.65,121.51111573,37.43476856,33.95,184.42,2.16,4,2.3359375,3,3.18317,1.2389111471,1.1130638558052275,1.3806239154816926
2284.0,102636.75,121.51111568,37.43476802,33.95,184.39,2.3256,4,2.4296875,3,3.18317,1.2389111471,1.1130638558052275,1.3806239154816926
2284.0,102636.85,121.51111564,37.43476742,33.95,184.38,2.3004,4,2.5234375,3,3.18317,1.2389111471,1.1130638558052275,1.3806239154816926
2284.0,102636.95,121.5111156,37.43476683,33.95,184.35,2.5128,4,2.640625,3,3.18317,1.2389111471,1.1130638558052275,1.3806239154816926
2284.0,102637.05,121.51111555,37.4347662,33.95,184.32,2.3796000000000004,4,2.734375,3,3.18317,1.2389111471,1.1130638558052275,1.3806239154816926
2284.0,102637.15,121.51111547,37.43476555,33.95,184.34,2.7288,4,2.828125,3,3.18317,1.2389111471,1.1130638558052275,1.3806239154816926
2284.0,102637.25,121.51111544,37.43476491,33.96,184.2,2.6964,4,2.9453125,3,3.18317,1.2389111471,1.1130638558052275,1.3806239154816926
2284.0,102637.35,121.51111535,37.434764200000004,33.96,184.21,2.592,4,3.0390625,3,3.18317,1.2389111471,1.1130638558052275,1.3806239154816926
2284.0,102637.45,121.51111523,37.43476347,33.96,184.28,3.0276,4,3.1484375,3,3.18317,1.2389111471,1.1130638558052275,1.3806239154816926
2284.0,102637.55,121.5111152,37.43476276,33.96,184.08,3.3084,4,3.2265625,3,3.18317,1.2389111471,1.1130638558052275,1.3806239154816926
2284.0,102637.65,121.51111514,37.43476198,33.96,184.0,2.9124000000000003,4,3.3203125,3,3.18317,1.2389111471,1.1130638558052275,1.3806239154816926
2284.0,102637.75,121.51111501,37.43476118,33.96,184.14,2.8692,4,3.3984375,3,3.18317,1.2389111471,1.1130638558052275,1.3806239154816926
2284.0,102637.85,121.51111495,37.43476035,33.96,184.17,3.384,4,3.4921875,3,3.18317,1.2389111471,1.1130638558052275,1.3806239154816926
2284.0,102637.95,121.5111149,37.43475955,33.96,184.06,3.708,4,3.5859375,3,3.18317,1.2389111471,1.1130638558052275,1.3806239154816926
2284.0,102638.05,121.51111488,37.4347587,33.97,183.92,3.5676,4,3.6484375,3,3.18317,1.2389111471,1.1130638558052275,1.3806239154816926
2284.0,102638.15,121.51111481,37.43475783,33.97,183.89,3.3120000000000003,4,3.71875,3,3.18317,1.2389111471,1.1130638558052275,1.3806239154816926
2284.0,102638.25,121.51111472,37.43475692,33.97,183.96,3.4848,4,3.8203125,3,3.18317,1.2389111471,1.1130638558052275,1.3806239154816926
2284.0,102638.35,121.51111465,37.43475599,33.97,183.89,3.9204,4,3.859375,3,3.18317,1.2389111471,1.1130638558052275,1.3806239154816926
2284.0,102638.45,121.51111457,37.43475503,33.97,183.78,4.0752,4,3.9296875,3,3.18317,1.2389111471,1.1130638558052275,1.3806239154816926
2284.0,102638.55,121.51111453,37.4347541,33.97,183.68,3.654,4,4.0078125,3,3.18317,1.2389111471,1.1130638558052275,1.3806239154816926
2284.0,102638.65,121.5111145,37.43475312,33.97,183.74,3.5244,4,4.0859375,3,3.18317,1.2389111471,1.1130638558052275,1.3806239154816926
2284.0,102638.75,121.51111444,37.43475215,33.97,183.8,3.7692,4,4.140625,3,3.18317,1.2389111471,1.1130638558052275,1.3806239154816926
2284.0,102638.85,121.51111444,37.43475117,33.97,183.7,4.1004000000000005,4,4.15625,3,3.18317,1.2389111471,1.1130638558052275,1.3806239154816926
2284.0,102638.95,121.51111441,37.43475019,33.97,183.56,4.1652000000000005,4,4.21875,3,3.18317,1.2389111471,1.1130638558052275,1.3806239154816926
2284.0,102639.05,121.51111433,37.43474918,33.97,183.51,4.0068,4,4.234375,3,3.18317,1.2389111471,1.1130638558052275,1.3806239154816926
2284.0,102639.15,121.51111427,37.43474814,33.97,183.48,4.024800000000001,4,4.2890625,3,3.18317,1.2389111471,1.1130638558052275,1.3806239154816926
2284.0,102639.25,121.51111422,37.43474711,33.97,183.41,4.0896,4,4.3125,3,3.18317,1.2389111471,1.1130638558052275,1.3806239154816926
2284.0,102639.35,121.51111416,37.4347461,33.97,183.31,4.1364,4,4.2734375,3,3.18317,1.2389111471,1.1130638558052275,1.3806239154816926
2284.0,102639.45,121.51111411,37.43474507,33.97,183.21,4.1292,4,4.2734375,3,3.18317,1.2389111471,1.1130638558052275,1.3806239154816926
2284.0,102639.55,121.51111406,37.43474402,33.97,183.14,4.1832,4,4.2890625,3,3.18317,1.2389111471,1.1130638558052275,1.3806239154816926
2284.0,102639.65,121.51111405,37.43474298,33.97,183.04,4.0535999999999985,4,4.3125,3,3.18317,1.2389111471,1.1130638558052275,1.3806239154816926
2284.0,102639.75,121.51111403,37.43474197,33.97,182.93,3.9708,4,4.2734375,3,3.18317,1.2389111471,1.1130638558052275,1.3806239154816926
2284.0,102639.85,121.51111399999999,37.43474098,33.98,182.77,3.906,4,4.2734375,3,3.18317,1.2389111471,1.1130638558052275,1.3806239154816926
2284.0,102639.95,121.51111396,37.43473998,33.98,182.62,4.0104000000000015,4,4.2734375,3,3.18317,1.2389111471,1.1130638558052275,1.3806239154816926
2284.0,102640.05,121.51111391,37.43473896,33.98,182.53,4.1436,4,4.3125,3,3.18317,1.2389111471,1.1130638558052275,1.3806239154816926
2284.0,102640.15,121.51111385,37.43473791,33.98,182.46,4.2444000000000015,4,4.3125,3,3.18317,1.2389111471,1.1130638558052275,1.3806239154816926
2284.0,102640.25,121.51111383,37.43473685,33.98,182.39,4.1904,4,4.2734375,3,3.18317,1.2389111471,1.1130638558052275,1.3806239154816926
2284.0,102640.35,121.51111382,37.43473581,33.98,182.27,4.1904,4,4.2734375,3,3.18317,1.2389111471,1.1130638558052275,1.3806239154816926
2284.0,102640.45,121.51111383,37.43473478,33.98,182.16,3.9744000000000006,4,4.2578125,3,3.18317,1.2389111471,1.1130638558052275,1.3806239154816926
2284.0,102640.55,121.51111384,37.43473377,33.98,182.0,4.0896,4,4.234375,3,3.18317,1.2389111471,1.1130638558052275,1.3806239154816926
2284.0,102640.65,121.51111387,37.43473278,33.99,181.77,3.9852,4,4.2890625,3,3.18317,1.2389111471,1.1130638558052275,1.3806239154816926
2284.0,102640.75,121.51111389,37.43473177,33.99,181.58,4.013999999999999,4,4.2578125,3,3.18317,1.2389111471,1.1130638558052275,1.3806239154816926
2284.0,102640.85,121.51111391,37.43473076,33.99,181.38,4.0572,4,4.1953125,3,3.18317,1.2389111471,1.1130638558052275,1.3806239154816926
2284.0,102640.95,121.51111389,37.43472974,33.99,181.23,4.1328,4,4.21875,3,3.18317,1.2389111471,1.1130638558052275,1.3806239154816926
2284.0,102641.05,121.51111392,37.43472871,33.99,181.0,4.1076000000000015,4,4.1953125,3,3.18317,1.2389111471,1.1130638558052275,1.3806239154816926
2284.0,102641.15,121.51111392,37.4347277,33.99,180.84,3.924,4,4.1953125,3,3.18317,1.2389111471,1.1130638558052275,1.3806239154816926
2284.0,102641.25,121.51111395,37.434726700000006,33.99,180.64,3.9456,4,4.1796875,3,3.18317,1.2389111471,1.1130638558052275,1.3806239154816926
2284.0,102641.35,121.51111397,37.43472572,34.0,180.49,3.967200000000001,4,4.15625,3,3.18317,1.2389111471,1.1130638558052275,1.3806239154816926
2284.0,102641.45,121.51111402,37.43472472,34.0,180.31,3.96,4,4.140625,3,3.18317,1.2389111471,1.1130638558052275,1.3806239154816926
2284.0,102641.55,121.51111404,37.43472373,34.0,180.18,3.9096,4,4.140625,3,3.18317,1.2389111471,1.1130638558052275,1.3806239154816926
2284.0,102641.65,121.51111408,37.43472274,34.0,179.97,3.8988,4,4.15625,3,3.18317,1.2389111471,1.1130638558052275,1.3806239154816926
2284.0,102641.75,121.51111408,37.43472174,34.0,179.8,3.8484,4,4.125,3,3.18317,1.2389111471,1.1130638558052275,1.3806239154816926
2284.0,102641.85,121.51111411,37.43472075,34.0,179.58,3.8736,4,4.140625,3,3.18317,1.2389111471,1.1130638558052275,1.3806239154816926
2284.0,102641.95,121.51111413,37.43471978,34.01,179.37,3.7656,4,4.125,3,3.18317,1.2389111471,1.1130638558052275,1.3806239154816926
2284.0,102642.05,121.51111419,37.4347188,34.01,179.18,3.830400000000001,4,4.0859375,3,3.18317,1.2389111471,1.1130638558052275,1.3806239154816926
2284.0,102642.15,121.51111424,37.43471784,34.01,179.02,3.9276,4,4.0859375,3,3.18317,1.2389111471,1.1130638558052275,1.3806239154816926
2284.0,102642.25,121.51111429,37.43471685,34.01,178.88,3.9816,4,4.0625,3,3.18317,1.2389111471,1.1130638558052275,1.3806239154816926
2284.0,102642.35,121.51111439,37.43471589,34.01,178.67,4.0104000000000015,4,4.0859375,3,3.18317,1.2389111471,1.1130638558052275,1.3806239154816926
2284.0,102642.45,121.51111445,37.43471491,34.01,178.51,3.888,4,4.1015625,3,3.18317,1.2389111471,1.1130638558052275,1.3806239154816926
2284.0,102642.55,121.51111456,37.43471396,34.01,178.27,3.7584,4,4.0859375,3,3.18317,1.2389111471,1.1130638558052275,1.3806239154816926
2284.0,102642.65,121.51111459,37.43471298,34.01,178.17,3.6396,4,4.046875,3,3.18317,1.2389111471,1.1130638558052275,1.3806239154816926
2284.0,102642.75,121.51111470000001,37.43471203,34.02,178.0,3.7584,4,4.0234375,3,3.18317,1.2389111471,1.1130638558052275,1.3806239154816926
2284.0,102642.85,121.51111478,37.43471107,34.02,177.86,3.9168,4,4.046875,3,3.18317,1.2389111471,1.1130638558052275,1.3806239154816926
2284.0,102642.95,121.51111493,37.43471012,34.02,177.64,3.9852,4,4.0234375,3,3.18317,1.2389111471,1.1130638558052275,1.3806239154816926
2284.0,102643.05,121.51111507,37.43470915,34.02,177.47,3.8952,4,4.0234375,3,3.18317,1.2389111471,1.1130638558052275,1.3806239154816926
2284.0,102643.15,121.51111521,37.4347082,34.02,177.27,3.7728,4,3.9921875,3,3.18317,1.2389111471,1.1130638558052275,1.3806239154816926
2284.0,102643.25,121.51111534,37.43470726,34.02,177.05,3.8232,4,4.046875,3,3.18317,1.2389111471,1.1130638558052275,1.3806239154816926
2284.0,102643.35,121.51111545,37.43470633,34.02,176.82,3.7692,4,3.96875,3,3.18317,1.2389111471,1.1130638558052275,1.3806239154816926
2284.0,102643.45,121.51111557,37.4347054,34.02,176.56,3.6216,4,3.9921875,3,3.18317,1.2389111471,1.1130638558052275,1.3806239154816926
2284.0,102643.55,121.51111567,37.43470446,34.02,176.39,3.6828,4,3.96875,3,3.18317,1.2389111471,1.1130638558052275,1.3806239154816926
2284.0,102643.65,121.51111581,37.43470353,34.02,176.13,3.7656,4,3.953125,3,3.18317,1.2389111471,1.1130638558052275,1.3806239154816926
2284.0,102643.75,121.51111593,37.43470259,34.03,175.93,3.8196,4,3.953125,3,3.18317,1.2389111471,1.1130638558052275,1.3806239154816926
2284.0,102643.85,121.51111611,37.43470167,34.03,175.65,3.830400000000001,4,3.9296875,3,3.18317,1.2389111471,1.1130638558052275,1.3806239154816926
2284.0,102643.95,121.51111628,37.43470075,34.03,175.38,3.9132,4,3.9140625,3,3.18317,1.2389111471,1.1130638558052275,1.3806239154816926
2284.0,102644.05,121.51111648,37.43469985,34.03,175.03,3.7512,4,3.875,3,3.18317,1.2389111471,1.1130638558052275,1.3806239154816926
2284.0,102644.15,121.51111666,37.43469893,34.03,174.73,3.6792,4,3.875,3,3.18317,1.2389111471,1.1130638558052275,1.3806239154816926
2284.0,102644.25,121.51111683,37.43469801,34.03,174.47,3.51,4,3.8359375,3,3.18317,1.2389111471,1.1130638558052275,1.3806239154816926
2284.0,102644.35,121.51111701,37.4346971,34.03,174.22,3.5856,4,3.796875,3,3.18317,1.2389111471,1.1130638558052275,1.3806239154816926
2284.0,102644.45,121.51111719,37.43469619,34.03,173.95,3.7296,4,3.8359375,3,3.18317,1.2389111471,1.1130638558052275,1.3806239154816926
2284.0,102644.55,121.51111739,37.43469532,34.04,173.62,3.7188,4,3.78125,3,3.18317,1.2389111471,1.1130638558052275,1.3806239154816926
2284.0,102644.65,121.51111761,37.43469444,34.04,173.3,3.5676,4,3.7421875,3,3.18317,1.2389111471,1.1130638558052275,1.3806239154816926
2284.0,102644.75,121.51111783,37.434693599999996,34.04,172.97,3.492,4,3.7421875,3,3.18317,1.2389111471,1.1130638558052275,1.3806239154816926
2284.0,102644.85,121.51111807,37.43469276,34.04,172.65,3.3444000000000003,4,3.703125,3,3.18317,1.2389111471,1.1130638558052275,1.3806239154816926
2284.0,102644.95,121.51111832,37.4346919,34.04,172.41,3.3192000000000004,4,3.6875,3,3.18317,1.2389111471,1.1130638558052275,1.3806239154816926
2284.0,102645.05,121.51111857,37.43469106,34.04,172.14,3.6108,4,3.6875,3,3.18317,1.2389111471,1.1130638558052275,1.3806239154816926
2284.0,102645.15,121.51111886,37.43469025,34.04,171.69,3.7548,4,3.6640625,3,3.18317,1.2389111471,1.1130638558052275,1.3806239154816926
2284.0,102645.25,121.51111914,37.43468944,34.05,171.16,3.5028,4,3.6484375,3,3.18317,1.2389111471,1.1130638558052275,1.3806239154816926
2284.0,102645.35,121.51111943,37.43468864,34.05,170.66,2.8404000000000003,4,3.6640625,3,3.18317,1.2389111471,1.1130638558052275,1.3806239154816926
2284.0,102645.45,121.51111964,37.43468782,34.05,170.45,2.7432000000000003,4,3.6484375,3,3.18317,1.2389111471,1.1130638558052275,1.3806239154816926
2284.0,102645.55,121.51111987,37.43468699,34.05,170.14,3.4092,4,3.6875,3,3.18317,1.2389111471,1.1130638558052275,1.3806239154816926
2284.0,102645.65,121.51112016,37.43468617,34.05,169.57,4.248,4,3.6875,3,3.18317,1.2389111471,1.1130638558052275,1.3806239154816926
2284.0,102645.75,121.51112048,37.43468542,34.06,168.9,3.8628,4,3.6875,3,3.18317,1.2389111471,1.1130638558052275,1.3806239154816926
2284.0,102645.85,121.51112083,37.43468465,34.06,168.45,2.9772,4,3.71875,3,3.18317,1.2389111471,1.1130638558052275,1.3806239154816926
2284.0,102645.95,121.51112106,37.43468376,34.06,168.36,2.9664,4,3.71875,3,3.18317,1.2389111471,1.1130638558052275,1.3806239154816926
2284.0,102646.05,121.51112137,37.43468293,34.06,168.02,3.5856,4,3.7421875,3,3.18317,1.2389111471,1.1130638558052275,1.3806239154816926
2284.0,102646.15,121.51112172,37.43468214,34.06,167.38,4.212,4,3.7578125,3,3.18317,1.2389111471,1.1130638558052275,1.3806239154816926
2284.0,102646.25,121.51112207,37.43468135,34.06,166.72,3.3876,4,3.796875,3,3.18317,1.2389111471,1.1130638558052275,1.3806239154816926
2284.0,102646.35,121.51112241,37.43468051,34.06,166.39,2.934,4,3.796875,3,3.18317,1.2389111471,1.1130638558052275,1.3806239154816926
2284.0,102646.45,121.51112268,37.43467965,34.07,166.27,3.1968,4,3.796875,3,3.18317,1.2389111471,1.1130638558052275,1.3806239154816926
2284.0,102646.55,121.51112307,37.43467882,34.06,165.8,4.1328,4,3.859375,3,3.18317,1.2389111471,1.1130638558052275,1.3806239154816926
2284.0,102646.65,121.51112347,37.434678000000005,34.07,165.1,4.4208,4,3.875,3,3.18317,1.2389111471,1.1130638558052275,1.3806239154816926
2284.0,102646.75,121.5111239,37.43467719,34.07,164.46,3.3552000000000004,4,3.875,3,3.18317,1.2389111471,1.1130638558052275,1.3806239154816926
2284.0,102646.85,121.51112427,37.43467635,34.07,164.17,2.9196000000000004,4,3.890625,3,3.18317,1.2389111471,1.1130638558052275,1.3806239154816926
2284.0,102646.95,121.51112463,37.43467546,34.07,163.99,3.114,4,3.890625,3,3.18317,1.2389111471,1.1130638558052275,1.3806239154816926
2284.0,102647.05,121.51112501,37.43467465,34.07,163.51,4.0392,4,3.890625,3,3.18317,1.2389111471,1.1130638558052275,1.3806239154816926
2284.0,102647.15,121.51112549999999,37.43467389,34.07,162.81,4.32,4,3.875,3,3.18317,1.2389111471,1.1130638558052275,1.3806239154816926
2284.0,102647.25,121.51112598,37.434673100000005,34.07,162.23,3.4416,4,3.890625,3,3.18317,1.2389111471,1.1130638558052275,1.3806239154816926
2284.0,102647.35,121.51112645,37.43467225,34.07,161.98,3.0348,4,3.890625,3,3.18317,1.2389111471,1.1130638558052275,1.3806239154816926
2284.0,102647.45,121.51112691,37.4346714,34.06,161.84,3.2039999999999997,4,3.890625,3,3.18317,1.2389111471,1.1130638558052275,1.3806239154816926
2284.0,102647.55,121.51112741,37.434670600000004,34.06,161.37,4.0968,4,3.9296875,3,3.18317,1.2389111471,1.1130638558052275,1.3806239154816926
2284.0,102647.65,121.51112796,37.43466981,34.06,160.6,4.4316,4,3.9296875,3,3.18317,1.2389111471,1.1130638558052275,1.3806239154816926
2284.0,102647.75,121.51112851,37.43466907,34.06,159.82,3.7548,4,3.9296875,3,3.18317,1.2389111471,1.1130638558052275,1.3806239154816926
2284.0,102647.85,121.51112903,37.43466827,34.06,159.38,2.9196000000000004,4,3.9140625,3,3.18317,1.2389111471,1.1130638558052275,1.3806239154816926
2284.0,102647.95,121.51112951,37.43466743,34.05,159.16,3.2004,4,3.9140625,3,3.18317,1.2389111471,1.1130638558052275,1.3806239154816926
2284.0,102648.05,121.51113004,37.43466663,34.05,158.74,3.69,4,3.9140625,3,3.18317,1.2389111471,1.1130638558052275,1.3806239154816926
2284.0,102648.15,121.51113057,37.43466588,34.05,158.14,4.395600000000001,4,3.9140625,3,3.18317,1.2389111471,1.1130638558052275,1.3806239154816926
2284.0,102648.25,121.51113115,37.43466514,34.05,157.28,3.938400000000001,4,3.890625,3,3.18317,1.2389111471,1.1130638558052275,1.3806239154816926
2284.0,102648.35,121.51113169,37.43466438,34.05,156.7,3.2148000000000003,4,3.9140625,3,3.18317,1.2389111471,1.1130638558052275,1.3806239154816926
2284.0,102648.45,121.51113218,37.43466361,34.05,156.34,2.8404000000000003,4,3.9140625,3,3.18317,1.2389111471,1.1130638558052275,1.3806239154816926
2284.0,102648.55,121.51113269,37.43466281,34.05,155.96,3.1824,4,3.875,3,3.18317,1.2389111471,1.1130638558052275,1.3806239154816926
2284.0,102648.65,121.51113321,37.43466204,34.05,155.47,3.8448,4,3.859375,3,3.18317,1.2389111471,1.1130638558052275,1.3806239154816926
2284.0,102648.75,121.51113377,37.43466134,34.05,154.8,4.05,4,3.875,3,3.18317,1.2389111471,1.1130638558052275,1.3806239154816926
2284.0,102648.85,121.51113437,37.43466063,34.05,154.16,3.6792,4,3.859375,3,3.18317,1.2389111471,1.1130638558052275,1.3806239154816926
2284.0,102648.95,121.51113496,37.43465989,34.05,153.73,3.0888,4,3.8359375,3,3.18317,1.2389111471,1.1130638558052275,1.3806239154816926
2284.0,102649.05,121.51113555,37.43465912,34.04,153.45,3.06,4,3.8359375,3,3.18317,1.2389111471,1.1130638558052275,1.3806239154816926
2284.0,102649.15,121.51113612,37.43465838,34.04,153.12,3.5352,4,3.8203125,3,3.18317,1.2389111471,1.1130638558052275,1.3806239154816926
2284.0,102649.25,121.51113673,37.43465764,34.05,152.53,4.0824,4,3.8203125,3,3.18317,1.2389111471,1.1130638558052275,1.3806239154816926
2284.0,102649.35,121.51113737,37.43465699,34.05,151.81,4.1292,4,3.796875,3,3.18317,1.2389111471,1.1130638558052275,1.3806239154816926
2284.0,102649.45,121.51113798,37.43465631,34.05,151.22,3.1104,4,3.7421875,3,3.18317,1.2389111471,1.1130638558052275,1.3806239154816926
2284.0,102649.55,121.5111386,37.434655600000006,34.05,150.88,2.862,4,3.7421875,3,3.18317,1.2389111471,1.1130638558052275,1.3806239154816926
2284.0,102649.65,121.5111392,37.43465487,34.05,150.64,3.1608,4,3.71875,3,3.18317,1.2389111471,1.1130638558052275,1.3806239154816926
2284.0,102649.75,121.51113987,37.43465423,34.05,150.05,3.830400000000001,4,3.703125,3,3.18317,1.2389111471,1.1130638558052275,1.3806239154816926
2284.0,102649.85,121.51114055,37.43465364,34.05,149.22,4.104,4,3.703125,3,3.18317,1.2389111471,1.1130638558052275,1.3806239154816926
2284.0,102649.95,121.51114123,37.43465304,34.05,148.46,2.9016,4,3.6875,3,3.18317,1.2389111471,1.1130638558052275,1.3806239154816926
2284.0,102650.05,121.51114185,37.43465239,34.05,148.09,2.6532,4,3.71875,3,3.18317,1.2389111471,1.1130638558052275,1.3806239154816926
2284.0,102650.15,121.51114245,37.43465169,34.05,147.76,2.898,4,3.703125,3,3.18317,1.2389111471,1.1130638558052275,1.3806239154816926
2284.0,102650.25,121.51114306,37.43465108,34.06,147.01,3.96,4,3.703125,3,3.18317,1.2389111471,1.1130638558052275,1.3806239154816926
2284.0,102650.35,121.51114374,37.43465057,34.06,145.92,3.830400000000001,4,3.703125,3,3.18317,1.2389111471,1.1130638558052275,1.3806239154816926
2284.0,102650.45,121.51114436,37.43465,34.07,145.16,2.8440000000000003,4,3.7421875,3,3.18317,1.2389111471,1.1130638558052275,1.3806239154816926
2284.0,102650.55,121.51114502,37.43464933,34.07,144.76,2.736,4,3.71875,3,3.18317,1.2389111471,1.1130638558052275,1.3806239154816926
2284.0,102650.65,121.51114564,37.43464872,34.08,144.21,3.366,4,3.7421875,3,3.18317,1.2389111471,1.1130638558052275,1.3806239154816926
2284.0,102650.75,121.51114632,37.43464818,34.09,143.3,3.9816,4,3.78125,3,3.18317,1.2389111471,1.1130638558052275,1.3806239154816926
2284.0,102650.85,121.51114703,37.43464768,34.09,142.28,3.3408,4,3.78125,3,3.18317,1.2389111471,1.1130638558052275,1.3806239154816926
2284.0,102650.95,121.5111477,37.43464705,34.1,141.72,2.6532,4,3.78125,3,3.18317,1.2389111471,1.1130638558052275,1.3806239154816926
2284.0,102651.05,121.51114835,37.43464642,34.11,141.33,2.898,4,3.796875,3,3.18317,1.2389111471,1.1130638558052275,1.3806239154816926
2284.0,102651.15,121.51114907,37.43464586,34.11,140.55,3.5172,4,3.8203125,3,3.18317,1.2389111471,1.1130638558052275,1.3806239154816926
2284.0,102651.25,121.51114973,37.43464529,34.12,139.65,3.4884,4,3.8203125,3,3.18317,1.2389111471,1.1130638558052275,1.3806239154816926
2284.0,102651.35,121.51115046,37.43464475,34.13,138.83,2.9412,4,3.8359375,3,3.18317,1.2389111471,1.1130638558052275,1.3806239154816926
2284.0,102651.45,121.51115109999999,37.43464413,34.13,138.32,2.8332,4,3.859375,3,3.18317,1.2389111471,1.1130638558052275,1.3806239154816926
2284.0,102651.55,121.51115182,37.43464355,34.14,137.65,3.5712,4,3.8359375,3,3.18317,1.2389111471,1.1130638558052275,1.3806239154816926
2284.0,102651.65,121.51115254,37.43464303,34.15,136.73,3.7008,4,3.8359375,3,3.18317,1.2389111471,1.1130638558052275,1.3806239154816926
2284.0,102651.75,121.51115329,37.43464251,34.16,135.92,3.2076,4,3.859375,3,3.18317,1.2389111471,1.1130638558052275,1.3806239154816926
2284.0,102651.85,121.51115401,37.43464195,34.16,135.34,2.8044,4,3.8359375,3,3.18317,1.2389111471,1.1130638558052275,1.3806239154816926
2284.0,102651.95,121.51115478,37.43464139,34.17,134.76,3.1464,4,3.859375,3,3.18317,1.2389111471,1.1130638558052275,1.3806239154816926
2284.0,102652.05,121.51115551,37.43464088,34.18,133.98,3.7584,4,3.8359375,3,3.18317,1.2389111471,1.1130638558052275,1.3806239154816926
2284.0,102652.15,121.51115630000001,37.43464046,34.18,132.99,3.5676,4,3.8359375,3,3.18317,1.2389111471,1.1130638558052275,1.3806239154816926
2284.0,102652.25,121.51115705,37.43463998,34.19,132.34,2.9052,4,3.859375,3,3.18317,1.2389111471,1.1130638558052275,1.3806239154816926
2284.0,102652.35,121.51115785,37.43463947,34.2,131.87,2.8332,4,3.796875,3,3.18317,1.2389111471,1.1130638558052275,1.3806239154816926
2284.0,102652.45,121.51115861,37.43463899,34.2,131.24,3.3444000000000003,4,3.796875,3,3.18317,1.2389111471,1.1130638558052275,1.3806239154816926
2284.0,102652.55,121.51115942,37.43463859,34.21,130.38,3.3264,4,3.8203125,3,3.18317,1.2389111471,1.1130638558052275,1.3806239154816926
2284.0,102652.65,121.51116019,37.43463819,34.22,129.59,2.9016,4,3.796875,3,3.18317,1.2389111471,1.1130638558052275,1.3806239154816926
2284.0,102652.75,121.51116099,37.43463773,34.22,129.0,2.6424,4,3.78125,3,3.18317,1.2389111471,1.1130638558052275,1.3806239154816926
2284.0,102652.85,121.51116176,37.43463729,34.23,128.39,2.97,4,3.7578125,3,3.18317,1.2389111471,1.1130638558052275,1.3806239154816926
2284.0,102652.95,121.51116257,37.4346369,34.24,127.56,3.3048,4,3.7421875,3,3.18317,1.2389111471,1.1130638558052275,1.3806239154816926
2284.0,102653.05,121.51116332,37.43463653,34.25,126.66,3.0564,4,3.7421875,3,3.18317,1.2389111471,1.1130638558052275,1.3806239154816926
2284.0,102653.15,121.51116413,37.43463612,34.26,125.92,2.8332,4,3.703125,3,3.18317,1.2389111471,1.1130638558052275,1.3806239154816926
2284.0,102653.25,121.5111649,37.43463574,34.27,125.17,2.952,4,3.6875,3,3.18317,1.2389111471,1.1130638558052275,1.3806239154816926
2284.0,102653.35,121.51116568,37.43463537,34.28,124.31,3.2364,4,3.6875,3,3.18317,1.2389111471,1.1130638558052275,1.3806239154816926
2284.0,102653.45,121.51116646,37.43463508,34.28,123.23,2.9988,4,3.6640625,3,3.18317,1.2389111471,1.1130638558052275,1.3806239154816926
2284.0,102653.55,121.51116724,37.434634700000004,34.29,122.48,2.5668,4,3.6640625,3,3.18317,1.2389111471,1.1130638558052275,1.3806239154816926
2284.0,102653.65,121.51116804,37.43463435,34.3,121.77,2.8080000000000003,4,3.6484375,3,3.18317,1.2389111471,1.1130638558052275,1.3806239154816926
2284.0,102653.75,121.51116886,37.43463407,34.31,120.92,3.1032,4,3.703125,3,3.18317,1.2389111471,1.1130638558052275,1.3806239154816926
2284.0,102653.85,121.51116968,37.43463376,34.32,120.07,3.2364,4,3.6875,3,3.18317,1.2389111471,1.1130638558052275,1.3806239154816926
2284.0,102653.95,121.51117053,37.43463351,34.33,119.22,2.7756000000000003,4,3.71875,3,3.18317,1.2389111471,1.1130638558052275,1.3806239154816926
2284.0,102654.05,121.51117141,37.43463321,34.34,118.46,2.8944,4,3.7421875,3,3.18317,1.2389111471,1.1130638558052275,1.3806239154816926
2284.0,102654.15,121.51117226,37.43463294,34.35,117.62,2.7756000000000003,4,3.71875,3,3.18317,1.2389111471,1.1130638558052275,1.3806239154816926
2284.0,102654.25,121.51117314,37.43463269,34.36,116.77,2.8836000000000004,4,3.71875,3,3.18317,1.2389111471,1.1130638558052275,1.3806239154816926
2284.0,102654.35,121.51117402,37.43463243,34.37,115.93,2.8476000000000004,4,3.7421875,3,3.18317,1.2389111471,1.1130638558052275,1.3806239154816926
2284.0,102654.45,121.5111749,37.43463213,34.38,115.09,3.0060000000000002,4,3.7578125,3,3.18317,1.2389111471,1.1130638558052275,1.3806239154816926
2284.0,102654.55,121.51117579999999,37.43463193,34.39,114.13,3.0096,4,3.78125,3,3.18317,1.2389111471,1.1130638558052275,1.3806239154816926
2284.0,102654.65,121.5111767,37.43463166,34.4,113.35,2.8332,4,3.796875,3,3.18317,1.2389111471,1.1130638558052275,1.3806239154816926
2284.0,102654.75,121.51117764,37.43463145,34.4,112.59,2.9736,4,3.7578125,3,3.18317,1.2389111471,1.1130638558052275,1.3806239154816926
2284.0,102654.85,121.51117856,37.43463123,34.42,111.83,3.1248,4,3.8203125,3,3.18317,1.2389111471,1.1130638558052275,1.3806239154816926
2284.0,102654.95,121.51117951,37.43463108,34.42,110.97,3.2508000000000004,4,3.8359375,3,3.18317,1.2389111471,1.1130638558052275,1.3806239154816926
2284.0,102655.05,121.51118045,37.43463093,34.44,110.15,3.1716,4,3.796875,3,3.18317,1.2389111471,1.1130638558052275,1.3806239154816926
2284.0,102655.15,121.51118145,37.43463077,34.44,109.45,3.1284,4,3.796875,3,3.18317,1.2389111471,1.1130638558052275,1.3806239154816926
2284.0,102655.25,121.51118244,37.43463056,34.46,108.83,3.2112000000000003,4,3.8359375,3,3.18317,1.2389111471,1.1130638558052275,1.3806239154816926
2284.0,102655.35,121.51118343,37.43463043,34.46,108.06,3.2868000000000004,4,3.796875,3,3.18317,1.2389111471,1.1130638558052275,1.3806239154816926
2284.0,102655.45,121.51118441,37.43463021,34.48,107.39,3.2976,4,3.8359375,3,3.18317,1.2389111471,1.1130638558052275,1.3806239154816926
2284.0,102655.55,121.51118539,37.43463007,34.49,106.71,3.06,4,3.8359375,3,3.18317,1.2389111471,1.1130638558052275,1.3806239154816926
2284.0,102655.65,121.51118639,37.43462985,34.5,106.2,3.1464,4,3.796875,3,3.18317,1.2389111471,1.1130638558052275,1.3806239154816926
2284.0,102655.75,121.51118738,37.4346297,34.51,105.66,3.3228000000000004,4,3.796875,3,3.18317,1.2389111471,1.1130638558052275,1.3806239154816926
2284.0,102655.85,121.51118842,37.43462956,34.52,105.01,3.4344,4,3.8359375,3,3.18317,1.2389111471,1.1130638558052275,1.3806239154816926
2284.0,102655.95,121.51118941,37.43462944,34.53,104.45,3.1104,4,3.796875,3,3.18317,1.2389111471,1.1130638558052275,1.3806239154816926
2284.0,102656.05,121.51119047,37.43462929,34.54,104.01,3.0024,4,3.8359375,3,3.18317,1.2389111471,1.1130638558052275,1.3806239154816926
2284.0,102656.15,121.51119149,37.43462916,34.55,103.63,3.2004,4,3.796875,3,3.18317,1.2389111471,1.1130638558052275,1.3806239154816926
2284.0,102656.25,121.51119255,37.43462899,34.56,103.19,3.51,4,3.78125,3,3.18317,1.2389111471,1.1130638558052275,1.3806239154816926
2284.0,102656.35,121.51119353,37.4346289,34.58,102.63,3.5784,4,3.78125,3,3.18317,1.2389111471,1.1130638558052275,1.3806239154816926
2284.0,102656.45,121.51119454,37.43462877,34.59,102.15,3.1356,4,3.796875,3,3.18317,1.2389111471,1.1130638558052275,1.3806239154816926
2284.0,102656.55,121.51119554,37.4346286,34.6,101.87,2.988,4,3.7578125,3,3.18317,1.2389111471,1.1130638558052275,1.3806239154816926
2284.0,102656.65,121.51119659,37.43462845,34.61,101.58,3.24,4,3.7578125,3,3.18317,1.2389111471,1.1130638558052275,1.3806239154816926
2284.0,102656.75,121.5111976,37.4346283,34.62,101.28,3.6072,4,3.71875,3,3.18317,1.2389111471,1.1130638558052275,1.3806239154816926
2284.0,102656.85,121.51119864,37.43462822,34.64,100.76,3.6324,4,3.7578125,3,3.18317,1.2389111471,1.1130638558052275,1.3806239154816926
2284.0,102656.95,121.51119964,37.43462812,34.65,100.35,3.0780000000000003,4,3.7421875,3,3.18317,1.2389111471,1.1130638558052275,1.3806239154816926
2284.0,102657.05,121.51120071,37.434628000000004,34.66,100.12,2.79,4,3.7421875,3,3.18317,1.2389111471,1.1130638558052275,1.3806239154816926
2284.0,102657.15,121.51120174,37.43462788,34.67,99.89,2.8764000000000003,4,3.7421875,3,3.18317,1.2389111471,1.1130638558052275,1.3806239154816926
2284.0,102657.25,121.51120276,37.43462774,34.68,99.63,3.4884,4,3.703125,3,3.18317,1.2389111471,1.1130638558052275,1.3806239154816926
2284.0,102657.35,121.51120373,37.43462771,34.69,99.06,3.9132,4,3.6875,3,3.18317,1.2389111471,1.1130638558052275,1.3806239154816926
2284.0,102657.45,121.51120473,37.43462762,34.7,98.6,3.5928,4,3.71875,3,3.18317,1.2389111471,1.1130638558052275,1.3806239154816926
2284.0,102657.55,121.51120573,37.43462755,34.71,98.23,2.9952,4,3.71875,3,3.18317,1.2389111471,1.1130638558052275,1.3806239154816926
2284.0,102657.65,121.51120677,37.43462743,34.72,98.02,2.7396000000000003,4,3.71875,3,3.18317,1.2389111471,1.1130638558052275,1.3806239154816926
2284.0,102657.75,121.51120777,37.43462733,34.74,97.77,3.1032,4,3.71875,3,3.18317,1.2389111471,1.1130638558052275,1.3806239154816926
2284.0,102657.85,121.51120878,37.43462729,34.75,97.29,3.276,4,3.7421875,3,3.18317,1.2389111471,1.1130638558052275,1.3806239154816926
2284.0,102657.95,121.51120976,37.43462723,34.76,96.9,3.2508000000000004,4,3.71875,3,3.18317,1.2389111471,1.1130638558052275,1.3806239154816926
2284.0,102658.05,121.51121079,37.43462719,34.77,96.54,2.9916,4,3.7421875,3,3.18317,1.2389111471,1.1130638558052275,1.3806239154816926
2284.0,102658.15,121.51121181,37.43462712,34.78,96.29,3.1104,4,3.78125,3,3.18317,1.2389111471,1.1130638558052275,1.3806239154816926
2284.0,102658.25,121.51121289,37.43462705,34.79,96.02,3.492,4,3.78125,3,3.18317,1.2389111471,1.1130638558052275,1.3806239154816926
2284.0,102658.35,121.51121389,37.43462706,34.8,95.56,3.78,4,3.7578125,3,3.18317,1.2389111471,1.1130638558052275,1.3806239154816926
2284.0,102658.45,121.51121495,37.43462703,34.81,95.13,3.5460000000000003,4,3.7578125,3,3.18317,1.2389111471,1.1130638558052275,1.3806239154816926
2284.0,102658.55,121.51121597,37.434627,34.82,94.81,2.9664,4,3.78125,3,3.18317,1.2389111471,1.1130638558052275,1.3806239154816926
2284.0,102658.65,121.51121705,37.43462693,34.83,94.7,2.8044,4,3.796875,3,3.18317,1.2389111471,1.1130638558052275,1.3806239154816926
2284.0,102658.75,121.5112181,37.43462683,34.85,94.66,3.1176,4,3.78125,3,3.18317,1.2389111471,1.1130638558052275,1.3806239154816926
2284.0,102658.85,121.51121918,37.43462678,34.86,94.54,3.5964,4,3.78125,3,3.18317,1.2389111471,1.1130638558052275,1.3806239154816926
2284.0,102658.95,121.51122023,37.43462672,34.87,94.45,3.8339999999999996,4,3.8203125,3,3.18317,1.2389111471,1.1130638558052275,1.3806239154816926
2284.0,102659.05,121.51122131,37.43462668,34.88,94.34,3.7188,4,3.796875,3,3.18317,1.2389111471,1.1130638558052275,1.3806239154816926
2284.0,102659.15,121.51122238,37.43462661,34.89,94.27,3.3516000000000004,4,3.7578125,3,3.18317,1.2389111471,1.1130638558052275,1.3806239154816926
2284.0,102659.25,121.51122347,37.43462655,34.9,94.25,3.1176,4,3.796875,3,3.18317,1.2389111471,1.1130638558052275,1.3806239154816926
2284.0,102659.35,121.51122456,37.43462646,34.92,94.27,3.1644,4,3.796875,3,3.18317,1.2389111471,1.1130638558052275,1.3806239154816926
2284.0,102659.45,121.51122566,37.43462639,34.93,94.26,3.3480000000000003,4,3.796875,3,3.18317,1.2389111471,1.1130638558052275,1.3806239154816926
2284.0,102659.55,121.51122673,37.43462633,34.94,94.24,3.5496,4,3.7578125,3,3.18317,1.2389111471,1.1130638558052275,1.3806239154816926
2284.0,102659.65,121.51122782,37.43462628,34.95,94.16,3.5639999999999996,4,3.796875,3,3.18317,1.2389111471,1.1130638558052275,1.3806239154816926
2284.0,102659.75,121.5112289,37.43462624,34.97,94.08,3.5424,4,3.78125,3,3.18317,1.2389111471,1.1130638558052275,1.3806239154816926
2284.0,102659.85,121.51123,37.434626200000004,34.98,94.04,3.51,4,3.7421875,3,3.18317,1.2389111471,1.1130638558052275,1.3806239154816926
2284.0,102659.95,121.51123107,37.43462614,34.99,94.0,3.4776,4,3.78125,3,3.18317,1.2389111471,1.1130638558052275,1.3806239154816926
2284.0,102660.05,121.51123214,37.43462609,35.0,93.94,3.4632,4,3.78125,3,3.18317,1.2389111471,1.1130638558052275,1.3806239154816926
2284.0,102660.15,121.51123322,37.43462604,35.01,93.86,3.4632,4,3.7421875,3,3.18317,1.2389111471,1.1130638558052275,1.3806239154816926
2284.0,102660.25,121.51123429,37.434626,35.02,93.78,3.4668,4,3.7421875,3,3.18317,1.2389111471,1.1130638558052275,1.3806239154816926
2284.0,102660.35,121.51123535,37.43462594,35.04,93.7,3.3192000000000004,4,3.703125,3,3.18317,1.2389111471,1.1130638558052275,1.3806239154816926
2284.0,102660.45,121.51123642,37.43462591,35.05,93.65,3.2688,4,3.7421875,3,3.18317,1.2389111471,1.1130638558052275,1.3806239154816926
2284.0,102660.55,121.5112375,37.43462585,35.06,93.64,3.2148000000000003,4,3.703125,3,3.18317,1.2389111471,1.1130638558052275,1.3806239154816926
2284.0,102660.65,121.51123857,37.43462582,35.08,93.62,3.3192000000000004,4,3.71875,3,3.18317,1.2389111471,1.1130638558052275,1.3806239154816926
2284.0,102660.75,121.51123963,37.43462578,35.09,93.55,3.3804,4,3.703125,3,3.18317,1.2389111471,1.1130638558052275,1.3806239154816926
2284.0,102660.85,121.51124069,37.43462575,35.1,93.46,3.4236,4,3.703125,3,3.18317,1.2389111471,1.1130638558052275,1.3806239154816926
2284.0,102660.95,121.51124176,37.43462572,35.12,93.39,3.4488,4,3.6875,3,3.18317,1.2389111471,1.1130638558052275,1.3806239154816926
2284.0,102661.05,121.51124283,37.43462568,35.13,93.33,3.384,4,3.71875,3,3.18317,1.2389111471,1.1130638558052275,1.3806239154816926
2284.0,102661.15,121.51124389,37.43462563,35.14,93.29,3.4128,4,3.7421875,3,3.18317,1.2389111471,1.1130638558052275,1.3806239154816926
2284.0,102661.25,121.51124496,37.4346256,35.16,93.23,3.4848,4,3.78125,3,3.18317,1.2389111471,1.1130638558052275,1.3806239154816926
2284.0,102661.35,121.51124601,37.43462554,35.17,93.18,3.5748,4,3.7578125,3,3.18317,1.2389111471,1.1130638558052275,1.3806239154816926
2284.0,102661.45,121.51124708,37.43462554,35.18,93.09,3.6324,4,3.7578125,3,3.18317,1.2389111471,1.1130638558052275,1.3806239154816926
2284.0,102661.55,121.51124815,37.43462549,35.2,93.0,3.474,4,3.8203125,3,3.18317,1.2389111471,1.1130638558052275,1.3806239154816926
2284.0,102661.65,121.51124924,37.43462547,35.21,92.93,3.438,4,3.796875,3,3.18317,1.2389111471,1.1130638558052275,1.3806239154816926
2284.0,102661.75,121.51125035,37.43462542,35.22,92.9,3.276,4,3.796875,3,3.18317,1.2389111471,1.1130638558052275,1.3806239154816926
2284.0,102661.85,121.51125147,37.43462537,35.23,92.88,3.2832000000000003,4,3.8203125,3,3.18317,1.2389111471,1.1130638558052275,1.3806239154816926
2284.0,102661.95,121.51125256,37.43462534,35.25,92.82,3.2832000000000003,4,3.859375,3,3.18317,1.2389111471,1.1130638558052275,1.3806239154816926
2284.0,102662.05,121.51125367,37.43462531,35.26,92.78,3.4596,4,3.8203125,3,3.18317,1.2389111471,1.1130638558052275,1.3806239154816926
2284.0,102662.15,121.51125477,37.43462529,35.27,92.7,3.5424,4,3.875,3,3.18317,1.2389111471,1.1130638558052275,1.3806239154816926
2284.0,102662.25,121.51125587,37.43462527,35.28,92.61,3.5352,4,3.8359375,3,3.18317,1.2389111471,1.1130638558052275,1.3806239154816926
2284.0,102662.35,121.51125698,37.43462524,35.3,92.53,3.5604,4,3.8203125,3,3.18317,1.2389111471,1.1130638558052275,1.3806239154816926
2284.0,102662.45,121.5112581,37.43462522,35.31,92.47,3.492,4,3.890625,3,3.18317,1.2389111471,1.1130638558052275,1.3806239154816926
2284.0,102662.55,121.5112592,37.43462518,35.32,92.43,3.4848,4,3.8359375,3,3.18317,1.2389111471,1.1130638558052275,1.3806239154816926
2284.0,102662.65,121.51126033,37.43462516,35.34,92.37,3.5352,4,3.8203125,3,3.18317,1.2389111471,1.1130638558052275,1.3806239154816926
2284.0,102662.75,121.51126143,37.43462513,35.35,92.34,3.69,4,3.8359375,3,3.18317,1.2389111471,1.1130638558052275,1.3806239154816926
2284.0,102662.85,121.51126255,37.43462514,35.36,92.26,3.6972,4,3.8359375,3,3.18317,1.2389111471,1.1130638558052275,1.3806239154816926
2284.0,102662.95,121.51126366,37.43462512,35.38,92.17,3.636,4,3.859375,3,3.18317,1.2389111471,1.1130638558052275,1.3806239154816926
2284.0,102663.05,121.51126479,37.43462512,35.39,92.1,3.474,4,3.859375,3,3.18317,1.2389111471,1.1130638558052275,1.3806239154816926
2284.0,102663.15,121.5112659,37.43462509,35.4,92.06,3.3912,4,3.8359375,3,3.18317,1.2389111471,1.1130638558052275,1.3806239154816926
2284.0,102663.25,121.51126701,37.43462507,35.42,92.05,3.3876,4,3.8359375,3,3.18317,1.2389111471,1.1130638558052275,1.3806239154816926
2284.0,102663.35,121.51126809999998,37.43462505,35.43,91.97,3.5064,4,3.8203125,3,3.18317,1.2389111471,1.1130638558052275,1.3806239154816926
2284.0,102663.45,121.5112692,37.43462502,35.44,91.9,3.6432,4,3.8203125,3,3.18317,1.2389111471,1.1130638558052275,1.3806239154816926
2284.0,102663.55,121.51127029,37.43462502,35.46,91.76,3.6828,4,3.8203125,3,3.18317,1.2389111471,1.1130638558052275,1.3806239154816926
2284.0,102663.65,121.51127138,37.43462501,35.47,91.66,3.4308,4,3.78125,3,3.18317,1.2389111471,1.1130638558052275,1.3806239154816926
2284.0,102663.75,121.51127248,37.43462499,35.48,91.59,3.3264,4,3.7578125,3,3.18317,1.2389111471,1.1130638558052275,1.3806239154816926
2284.0,102663.85,121.51127359,37.43462497,35.49,91.58,3.2616,4,3.796875,3,3.18317,1.2389111471,1.1130638558052275,1.3806239154816926
2284.0,102663.95,121.51127469,37.43462493,35.51,91.57,3.33,4,3.78125,3,3.18317,1.2389111471,1.1130638558052275,1.3806239154816926
2284.0,102664.05,121.51127575,37.43462492,35.52,91.49,3.4848,4,3.71875,3,3.18317,1.2389111471,1.1130638558052275,1.3806239154816926
2284.0,102664.15,121.51127681,37.43462491,35.53,91.42,3.798,4,3.7421875,3,3.18317,1.2389111471,1.1130638558052275,1.3806239154816926
2284.0,102664.25,121.51127787,37.43462491,35.55,91.29,3.7439999999999998,4,3.7578125,3,3.18317,1.2389111471,1.1130638558052275,1.3806239154816926
2284.0,102664.35,121.51127893,37.43462491,35.56,91.17,3.4992,4,3.7421875,3,3.18317,1.2389111471,1.1130638558052275,1.3806239154816926
2284.0,102664.45,121.51128,37.43462492,35.57,91.12,3.2796000000000003,4,3.7421875,3,3.18317,1.2389111471,1.1130638558052275,1.3806239154816926
2284.0,102664.55,121.51128109,37.43462491,35.58,91.12,3.1752,4,3.6875,3,3.18317,1.2389111471,1.1130638558052275,1.3806239154816926
2284.0,102664.65,121.51128217,37.43462492,35.59,91.14,3.33,4,3.703125,3,3.18317,1.2389111471,1.1130638558052275,1.3806239154816926
2284.0,102664.75,121.51128324,37.43462492,35.61,91.07,3.5676,4,3.71875,3,3.18317,1.2389111471,1.1130638558052275,1.3806239154816926
2284.0,102664.85,121.51128429999999,37.43462493,35.62,90.93,3.866400000000001,4,3.703125,3,3.18317,1.2389111471,1.1130638558052275,1.3806239154816926
2284.0,102664.95,121.51128534,37.43462494,35.63,90.76,3.3984,4,3.7421875,3,3.18317,1.2389111471,1.1130638558052275,1.3806239154816926
2284.0,102665.05,121.51128638,37.43462493,35.64,90.71,2.9484,4,3.71875,3,3.18317,1.2389111471,1.1130638558052275,1.3806239154816926
2284.0,102665.15,121.51128746,37.4346249,35.65,90.8,2.9844,4,3.7421875,3,3.18317,1.2389111471,1.1130638558052275,1.3806239154816926
2284.0,102665.25,121.51128854,37.43462489,35.66,90.85,3.3084,4,3.71875,3,3.18317,1.2389111471,1.1130638558052275,1.3806239154816926
2284.0,102665.35,121.51128961,37.43462488,35.68,90.83,3.7728,4,3.7421875,3,3.18317,1.2389111471,1.1130638558052275,1.3806239154816926
2284.0,102665.46,121.51129079,37.43462489,35.69,90.71,3.9168,4,3.796875,3,3.18317,1.2389111471,1.1130638558052275,1.3806239154816926
2284.0,102665.55,121.51129172,37.43462491,35.7,90.49,3.7584,4,3.78125,3,3.18317,1.2389111471,1.1130638558052275,1.3806239154816926
2284.0,102665.65,121.5112928,37.43462493,35.71,90.43,3.168,4,3.7578125,3,3.18317,1.2389111471,1.1130638558052275,1.3806239154816926
2284.0,102665.75,121.5112939,37.4346249,35.73,90.5,2.988,4,3.8203125,3,3.18317,1.2389111471,1.1130638558052275,1.3806239154816926
2284.0,102665.85,121.51129499,37.43462488,35.74,90.59,3.2616,4,3.8359375,3,3.18317,1.2389111471,1.1130638558052275,1.3806239154816926
2284.0,102665.95,121.51129607,37.4346249,35.75,90.53,3.78,4,3.8203125,3,3.18317,1.2389111471,1.1130638558052275,1.3806239154816926
2284.0,102666.05,121.51129714,37.4346249,35.76,90.42,4.1256,4,3.8359375,3,3.18317,1.2389111471,1.1130638558052275,1.3806239154816926
2284.0,102666.15,121.51129821,37.43462494,35.78,90.21,3.8052,4,3.859375,3,3.18317,1.2389111471,1.1130638558052275,1.3806239154816926
2284.0,102666.25,121.51129929,37.43462494,35.79,90.15,3.1608,4,3.8359375,3,3.18317,1.2389111471,1.1130638558052275,1.3806239154816926
2284.0,102666.35,121.51130041,37.43462493,35.8,90.21,2.9952,4,3.890625,3,3.18317,1.2389111471,1.1130638558052275,1.3806239154816926
2284.0,102666.45,121.51130152,37.43462491,35.81,90.27,3.1536,4,3.859375,3,3.18317,1.2389111471,1.1130638558052275,1.3806239154816926
2284.0,102666.55,121.51130261,37.43462489,35.83,90.27,3.5316,4,3.859375,3,3.18317,1.2389111471,1.1130638558052275,1.3806239154816926
2284.0,102666.65,121.5113037,37.4346249,35.84,90.18,3.8988,4,3.875,3,3.18317,1.2389111471,1.1130638558052275,1.3806239154816926
2284.0,102666.75,121.51130478,37.43462492,35.85,90.07,3.9636,4,3.8203125,3,3.18317,1.2389111471,1.1130638558052275,1.3806239154816926
2284.0,102666.85,121.51130587,37.43462497,35.86,89.94,3.6108,4,3.875,3,3.18317,1.2389111471,1.1130638558052275,1.3806239154816926
2284.0,102666.95,121.51130697,37.43462497,35.88,89.91,3.1608,4,3.8359375,3,3.18317,1.2389111471,1.1130638558052275,1.3806239154816926
2284.0,102667.05,121.51130808,37.434625,35.89,89.95,3.0636,4,3.8359375,3,3.18317,1.2389111471,1.1130638558052275,1.3806239154816926
2284.0,102667.15,121.51130918,37.43462499,35.9,89.98,3.1824,4,3.859375,3,3.18317,1.2389111471,1.1130638558052275,1.3806239154816926
2284.0,102667.25,121.51131027,37.434625,35.91,89.98,3.5388,4,3.8203125,3,3.18317,1.2389111471,1.1130638558052275,1.3806239154816926
2284.0,102667.35,121.51131134,37.43462503,35.93,89.9,3.8952,4,3.8359375,3,3.18317,1.2389111471,1.1130638558052275,1.3806239154816926
2284.0,102667.45,121.51131244,37.43462505,35.94,89.83,4.017600000000002,4,3.8203125,3,3.18317,1.2389111471,1.1130638558052275,1.3806239154816926
2284.0,102667.55,121.51131351,37.43462511,35.95,89.67,3.7188,4,3.796875,3,3.18317,1.2389111471,1.1130638558052275,1.3806239154816926
2284.0,102667.65,121.51131459999999,37.43462514,35.96,89.63,3.2436000000000003,4,3.8203125,3,3.18317,1.2389111471,1.1130638558052275,1.3806239154816926
2284.0,102667.75,121.51131570000001,37.43462515,35.98,89.67,2.9952,4,3.8203125,3,3.18317,1.2389111471,1.1130638558052275,1.3806239154816926
2284.0,102667.85,121.51131682,37.43462517,35.99,89.74,2.9988,4,3.78125,3,3.18317,1.2389111471,1.1130638558052275,1.3806239154816926
2284.0,102667.95,121.5113179,37.43462517,36.0,89.81,3.3012,4,3.7578125,3,3.18317,1.2389111471,1.1130638558052275,1.3806239154816926
2284.0,102668.05,121.51131898,37.43462519,36.01,89.78,3.6648,4,3.7578125,3,3.18317,1.2389111471,1.1130638558052275,1.3806239154816926
2284.0,102668.15,121.51132003,37.434625200000006,36.03,89.72,3.8016,4,3.7578125,3,3.18317,1.2389111471,1.1130638558052275,1.3806239154816926
2284.0,102668.25,121.51132109,37.43462523,36.04,89.57,3.6684,4,3.71875,3,3.18317,1.2389111471,1.1130638558052275,1.3806239154816926
2284.0,102668.35,121.51132215,37.43462525,36.05,89.52,3.2724,4,3.71875,3,3.18317,1.2389111471,1.1130638558052275,1.3806239154816926
2284.0,102668.45,121.51132324,37.43462527,36.06,89.57,2.9736,4,3.703125,3,3.18317,1.2389111471,1.1130638558052275,1.3806239154816926
2284.0,102668.55,121.51132435,37.43462527,36.07,89.68,2.9736,4,3.7421875,3,3.18317,1.2389111471,1.1130638558052275,1.3806239154816926
2284.0,102668.65,121.51132545,37.43462527,36.08,89.82,3.276,4,3.7421875,3,3.18317,1.2389111471,1.1130638558052275,1.3806239154816926
2284.0,102668.75,121.51132652,37.43462527,36.1,89.85,3.7188,4,3.7421875,3,3.18317,1.2389111471,1.1130638558052275,1.3806239154816926
2284.0,102668.85,121.51132759,37.43462528,36.11,89.79,4.05,4,3.71875,3,3.18317,1.2389111471,1.1130638558052275,1.3806239154816926
2284.0,102668.95,121.51132859,37.43462531,36.13,89.67,3.7404,4,3.7578125,3,3.18317,1.2389111471,1.1130638558052275,1.3806239154816926
2284.0,102669.05,121.51132965,37.43462531,36.14,89.67,3.1284,4,3.7578125,3,3.18317,1.2389111471,1.1130638558052275,1.3806239154816926
2284.0,102669.15,121.51133074,37.43462529,36.15,89.81,2.9232000000000005,4,3.78125,3,3.18317,1.2389111471,1.1130638558052275,1.3806239154816926
2284.0,102669.25,121.51133184,37.43462529999999,36.16,89.99,3.0384,4,3.7578125,3,3.18317,1.2389111471,1.1130638558052275,1.3806239154816926
2284.0,102669.35,121.51133293,37.43462529,36.17,90.13,3.4596,4,3.7578125,3,3.18317,1.2389111471,1.1130638558052275,1.3806239154816926
2284.0,102669.45,121.51133404,37.43462529999999,36.19,90.12,3.8232,4,3.796875,3,3.18317,1.2389111471,1.1130638558052275,1.3806239154816926
2284.0,102669.55,121.51133507,37.43462533,36.2,90.05,3.978,4,3.796875,3,3.18317,1.2389111471,1.1130638558052275,1.3806239154816926
2284.0,102669.66,121.51133625,37.43462533,36.21,90.02,3.7584,4,3.7578125,3,3.18317,1.2389111471,1.1130638558052275,1.3806239154816926
2284.0,102669.75,121.51133721,37.43462534,36.23,90.02,3.0672,4,3.78125,3,3.18317,1.2389111471,1.1130638558052275,1.3806239154816926
2284.0,102669.85,121.51133833,37.43462532,36.24,90.16,2.9988,4,3.796875,3,3.18317,1.2389111471,1.1130638558052275,1.3806239154816926
2284.0,102669.95,121.51133943,37.43462531,36.25,90.28,3.2508000000000004,4,3.78125,3,3.18317,1.2389111471,1.1130638558052275,1.3806239154816926
2284.0,102670.05,121.51134055,37.43462529,36.26,90.35,3.5639999999999996,4,3.78125,3,3.18317,1.2389111471,1.1130638558052275,1.3806239154816926
2284.0,102670.15,121.51134162,37.43462529999999,36.28,90.31,3.7439999999999998,4,3.78125,3,3.18317,1.2389111471,1.1130638558052275,1.3806239154816926
2284.0,102670.25,121.51134272,37.43462529,36.29,90.28,3.7548,4,3.78125,3,3.18317,1.2389111471,1.1130638558052275,1.3806239154816926
2284.0,102670.35,121.51134379,37.43462529999999,36.3,90.27,3.4632,4,3.7578125,3,3.18317,1.2389111471,1.1130638558052275,1.3806239154816926
2284.0,102670.45,121.5113449,37.43462529,36.32,90.33,3.2616,4,3.7578125,3,3.18317,1.2389111471,1.1130638558052275,1.3806239154816926
2284.0,102670.55,121.51134598,37.43462527,36.33,90.4,3.1644,4,3.7421875,3,3.18317,1.2389111471,1.1130638558052275,1.3806239154816926
2284.0,102670.65,121.5113471,37.43462526,36.34,90.49,3.2652,4,3.7578125,3,3.18317,1.2389111471,1.1130638558052275,1.3806239154816926
2284.0,102670.75,121.51134818,37.43462524,36.35,90.57,3.3912,4,3.7578125,3,3.18317,1.2389111471,1.1130638558052275,1.3806239154816926
2284.0,102670.85,121.51134929,37.43462523,36.37,90.61,3.5712,4,3.7421875,3,3.18317,1.2389111471,1.1130638558052275,1.3806239154816926
2284.0,102670.95,121.51135034,37.43462523,36.38,90.58,3.6719999999999997,4,3.71875,3,3.18317,1.2389111471,1.1130638558052275,1.3806239154816926
2284.0,102671.05,121.51135144,37.43462521,36.39,90.56,3.7152,4,3.71875,3,3.18317,1.2389111471,1.1130638558052275,1.3806239154816926
2284.0,102671.15,121.51135251,37.43462521,36.41,90.53,3.4488,4,3.7421875,3,3.18317,1.2389111471,1.1130638558052275,1.3806239154816926
2284.0,102671.25,121.51135362,37.434625200000006,36.42,90.57,3.2796000000000003,4,3.71875,3,3.18317,1.2389111471,1.1130638558052275,1.3806239154816926
2284.0,102671.35,121.51135472,37.43462518,36.43,90.68,3.1716,4,3.71875,3,3.18317,1.2389111471,1.1130638558052275,1.3806239154816926
2284.0,102671.45,121.51135582,37.43462518,36.44,90.77,3.3192000000000004,4,3.71875,3,3.18317,1.2389111471,1.1130638558052275,1.3806239154816926
2284.0,102671.55,121.51135690000001,37.43462518,36.45,90.83,3.4776,4,3.7578125,3,3.18317,1.2389111471,1.1130638558052275,1.3806239154816926
2284.0,102671.65,121.51135799,37.43462517,36.46,90.79,3.6180000000000003,4,3.7578125,3,3.18317,1.2389111471,1.1130638558052275,1.3806239154816926
2284.0,102671.76,121.51135917,37.43462516,36.48,90.81,3.6468,4,3.78125,3,3.18317,1.2389111471,1.1130638558052275,1.3806239154816926
2284.0,102671.85,121.51136015,37.43462515,36.49,90.79,3.3912,4,3.78125,3,3.18317,1.2389111471,1.1130638558052275,1.3806239154816926
2284.0,102671.95,121.51136124,37.43462512,36.51,90.87,3.3624,4,3.796875,3,3.18317,1.2389111471,1.1130638558052275,1.3806239154816926
2284.0,102672.05,121.51136236,37.4346251,36.52,90.94,3.3444000000000003,4,3.8203125,3,3.18317,1.2389111471,1.1130638558052275,1.3806239154816926
2284.0,102672.15,121.51136346,37.43462509,36.53,91.02,3.5424,4,3.796875,3,3.18317,1.2389111471,1.1130638558052275,1.3806239154816926
2284.0,102672.25,121.5113646,37.43462509,36.54,91.06,3.6144,4,3.8359375,3,3.18317,1.2389111471,1.1130638558052275,1.3806239154816926
2284.0,102672.35,121.51136572,37.43462509,36.55,91.08,3.69,4,3.875,3,3.18317,1.2389111471,1.1130638558052275,1.3806239154816926
2284.0,102672.45,121.51136687,37.43462509,36.57,91.1,3.6864,4,3.8359375,3,3.18317,1.2389111471,1.1130638558052275,1.3806239154816926
2284.0,102672.55,121.51136799999999,37.43462508,36.58,91.14,3.6108,4,3.890625,3,3.18317,1.2389111471,1.1130638558052275,1.3806239154816926
2284.0,102672.65,121.51136913,37.43462505,36.59,91.17,3.51,4,3.859375,3,3.18317,1.2389111471,1.1130638558052275,1.3806239154816926
2284.0,102672.75,121.51137024,37.43462502,36.61,91.2,3.5388,4,3.890625,3,3.18317,1.2389111471,1.1130638558052275,1.3806239154816926
2284.0,102672.85,121.51137136,37.43462498,36.62,91.24,3.5784,4,3.890625,3,3.18317,1.2389111471,1.1130638558052275,1.3806239154816926
2284.0,102672.95,121.51137248,37.43462494,36.63,91.31,3.5639999999999996,4,3.875,3,3.18317,1.2389111471,1.1130638558052275,1.3806239154816926
2284.0,102673.05,121.51137362,37.43462492,36.65,91.36,3.5676,4,3.875,3,3.18317,1.2389111471,1.1130638558052275,1.3806239154816926
2284.0,102673.15,121.51137475,37.43462489,36.66,91.41,3.6864,4,3.859375,3,3.18317,1.2389111471,1.1130638558052275,1.3806239154816926
2284.0,102673.25,121.51137589,37.43462488,36.67,91.43,3.6144,4,3.875,3,3.18317,1.2389111471,1.1130638558052275,1.3806239154816926
2284.0,102673.35,121.511377,37.43462487,36.69,91.41,3.5856,4,3.8359375,3,3.18317,1.2389111471,1.1130638558052275,1.3806239154816926
2284.0,102673.45,121.51137811,37.43462485,36.7,91.42,3.474,4,3.875,3,3.18317,1.2389111471,1.1130638558052275,1.3806239154816926
2284.0,102673.55,121.51137921,37.43462484,36.71,91.41,3.4704,4,3.8359375,3,3.18317,1.2389111471,1.1130638558052275,1.3806239154816926
2284.0,102673.65,121.51138032,37.43462481,36.73,91.45,3.3912,4,3.8203125,3,3.18317,1.2389111471,1.1130638558052275,1.3806239154816926
2284.0,102673.75,121.51138145,37.43462479,36.74,91.47,3.438,4,3.875,3,3.18317,1.2389111471,1.1130638558052275,1.3806239154816926
2284.0,102673.85,121.51138259,37.43462477,36.75,91.53,3.5532,4,3.796875,3,3.18317,1.2389111471,1.1130638558052275,1.3806239154816926
2284.0,102673.95,121.51138371,37.43462476,36.77,91.55,3.6612,4,3.8203125,3,3.18317,1.2389111471,1.1130638558052275,1.3806239154816926
2284.0,102674.05,121.51138481,37.43462475,36.78,91.51,3.7152,4,3.8359375,3,3.18317,1.2389111471,1.1130638558052275,1.3806239154816926
2284.0,102674.15,121.51138589,37.43462474,36.79,91.46,3.5748,4,3.796875,3,3.18317,1.2389111471,1.1130638558052275,1.3806239154816926
2284.0,102674.25,121.51138698,37.43462472,36.8,91.45,3.4668,4,3.78125,3,3.18317,1.2389111471,1.1130638558052275,1.3806239154816926
2284.0,102674.35,121.51138809,37.43462468,36.82,91.52,3.258,4,3.796875,3,3.18317,1.2389111471,1.1130638558052275,1.3806239154816926
2284.0,102674.45,121.51138919,37.43462465,36.83,91.58,3.3804,4,3.7578125,3,3.18317,1.2389111471,1.1130638558052275,1.3806239154816926
2284.0,102674.55,121.51139029,37.43462462,36.85,91.65,3.5784,4,3.7421875,3,3.18317,1.2389111471,1.1130638558052275,1.3806239154816926
2284.0,102674.65,121.51139139,37.43462460000001,36.86,91.64,3.7656,4,3.7578125,3,3.18317,1.2389111471,1.1130638558052275,1.3806239154816926
2284.0,102674.75,121.51139246,37.43462461,36.87,91.55,3.7764,4,3.7421875,3,3.18317,1.2389111471,1.1130638558052275,1.3806239154816926
2284.0,102674.85,121.51139352,37.43462462,36.88,91.49,3.6108,4,3.7421875,3,3.18317,1.2389111471,1.1130638558052275,1.3806239154816926
2284.0,102674.95,121.51139462,37.43462462,36.9,91.49,3.3156000000000003,4,3.6875,3,3.18317,1.2389111471,1.1130638558052275,1.3806239154816926
2284.0,102675.05,121.5113957,37.43462459,36.91,91.57,3.1356,4,3.6875,3,3.18317,1.2389111471,1.1130638558052275,1.3806239154816926
2284.0,102675.15,121.51139679999999,37.43462455,36.92,91.66,3.2544,4,3.6875,3,3.18317,1.2389111471,1.1130638558052275,1.3806239154816926
2284.0,102675.25,121.51139786,37.43462453,36.93,91.68,3.5460000000000003,4,3.6640625,3,3.18317,1.2389111471,1.1130638558052275,1.3806239154816926
2284.0,102675.35,121.51139892,37.43462451,36.95,91.63,3.6719999999999997,4,3.703125,3,3.18317,1.2389111471,1.1130638558052275,1.3806239154816926
2284.0,102675.45,121.51139996,37.4346245,36.96,91.54,3.6,4,3.6875,3,3.18317,1.2389111471,1.1130638558052275,1.3806239154816926
2284.0,102675.55,121.51140103,37.43462447,36.97,91.55,3.3012,4,3.7421875,3,3.18317,1.2389111471,1.1130638558052275,1.3806239154816926
2284.0,102675.65,121.51140209,37.43462444,36.98,91.59,3.1608,4,3.7578125,3,3.18317,1.2389111471,1.1130638558052275,1.3806239154816926
2284.0,102675.75,121.51140319,37.43462439,37.0,91.71,3.33,4,3.7578125,3,3.18317,1.2389111471,1.1130638558052275,1.3806239154816926
2284.0,102675.85,121.51140426,37.43462435,37.01,91.74,3.6216,4,3.7421875,3,3.18317,1.2389111471,1.1130638558052275,1.3806239154816926
2284.0,102675.95,121.51140534,37.43462435,37.02,91.68,3.9456,4,3.796875,3,3.18317,1.2389111471,1.1130638558052275,1.3806239154816926
2284.0,102676.05,121.51140641,37.43462435,37.03,91.59,3.8088,4,3.8203125,3,3.18317,1.2389111471,1.1130638558052275,1.3806239154816926
2284.0,102676.15,121.51140751,37.43462435,37.05,91.55,3.4668,4,3.796875,3,3.18317,1.2389111471,1.1130638558052275,1.3806239154816926
2284.0,102676.25,121.51140861,37.43462434,37.06,91.64,3.1644,4,3.8359375,3,3.18317,1.2389111471,1.1130638558052275,1.3806239154816926
2284.0,102676.35,121.51140976,37.43462431,37.07,91.74,3.3084,4,3.859375,3,3.18317,1.2389111471,1.1130638558052275,1.3806239154816926
2284.0,102676.45,121.51141088,37.43462428,37.08,91.79,3.6144,4,3.8359375,3,3.18317,1.2389111471,1.1130638558052275,1.3806239154816926
2284.0,102676.55,121.51141199,37.43462426,37.09,91.75,3.902400000000001,4,3.875,3,3.18317,1.2389111471,1.1130638558052275,1.3806239154816926
2284.0,102676.65,121.51141307,37.43462426,37.11,91.63,3.8808,4,3.875,3,3.18317,1.2389111471,1.1130638558052275,1.3806239154816926
2284.0,102676.75,121.51141418,37.43462425,37.12,91.61,3.5424,4,3.890625,3,3.18317,1.2389111471,1.1130638558052275,1.3806239154816926
2284.0,102676.85,121.51141528,37.43462423,37.13,91.67,3.1464,4,3.875,3,3.18317,1.2389111471,1.1130638558052275,1.3806239154816926
2284.0,102676.95,121.51141643,37.43462421,37.14,91.78,3.24,4,3.9140625,3,3.18317,1.2389111471,1.1130638558052275,1.3806239154816926
2284.0,102677.06,121.51141768,37.43462421,37.15,91.82,3.3264,4,3.9140625,3,3.18317,1.2389111471,1.1130638558052275,1.3806239154816926
2284.0,102677.15,121.51141872,37.43462419,37.17,91.89,3.816,4,3.953125,3,3.18317,1.2389111471,1.1130638558052275,1.3806239154816926
2284.0,102677.25,121.51141984,37.43462419,37.18,91.82,3.9276,4,3.9140625,3,3.18317,1.2389111471,1.1130638558052275,1.3806239154816926
2284.0,102677.35,121.51142096,37.43462417,37.19,91.77,4.0284,4,3.9296875,3,3.18317,1.2389111471,1.1130638558052275,1.3806239154816926
2284.0,102677.45,121.51142207,37.43462415,37.21,91.7,3.7332,4,3.9140625,3,3.18317,1.2389111471,1.1130638558052275,1.3806239154816926
2284.0,102677.55,121.51142322,37.43462413,37.22,91.65,3.528,4,3.9296875,3,3.18317,1.2389111471,1.1130638558052275,1.3806239154816926
2284.0,102677.65,121.51142434,37.43462409,37.23,91.71,3.33,4,3.953125,3,3.18317,1.2389111471,1.1130638558052275,1.3806239154816926
2284.0,102677.75,121.51142549999999,37.43462408,37.24,91.74,3.3372,4,3.9296875,3,3.18317,1.2389111471,1.1130638558052275,1.3806239154816926
2284.0,102677.85,121.51142664,37.43462405,37.26,91.85,3.4848,4,3.953125,3,3.18317,1.2389111471,1.1130638558052275,1.3806239154816926
2284.0,102677.95,121.51142778,37.43462403,37.27,91.87,3.7224,4,3.9140625,3,3.18317,1.2389111471,1.1130638558052275,1.3806239154816926
2284.0,102678.05,121.51142890000001,37.43462401,37.28,91.86,3.9348,4,3.953125,3,3.18317,1.2389111471,1.1130638558052275,1.3806239154816926
2284.0,102678.15,121.51143001,37.434624,37.3,91.79,4.0212,4,3.890625,3,3.18317,1.2389111471,1.1130638558052275,1.3806239154816926
2284.0,102678.25,121.51143113,37.43462396,37.31,91.73,3.967200000000001,4,3.9296875,3,3.18317,1.2389111471,1.1130638558052275,1.3806239154816926
2284.0,102678.35,121.51143226,37.43462394,37.32,91.7,3.7188,4,3.9140625,3,3.18317,1.2389111471,1.1130638558052275,1.3806239154816926
2284.0,102678.45,121.51143336,37.43462393,37.33,91.69,3.474,4,3.9296875,3,3.18317,1.2389111471,1.1130638558052275,1.3806239154816926
2284.0,102678.55,121.5114345,37.43462391,37.35,91.74,3.3552000000000004,4,3.875,3,3.18317,1.2389111471,1.1130638558052275,1.3806239154816926
2284.0,102678.65,121.51143561,37.43462392,37.36,91.78,3.3552000000000004,4,3.9140625,3,3.18317,1.2389111471,1.1130638558052275,1.3806239154816926
2284.0,102678.76,121.51143687,37.4346239,37.37,91.82,3.3768,4,3.859375,3,3.18317,1.2389111471,1.1130638558052275,1.3806239154816926
2284.0,102678.85,121.51143788,37.43462389,37.38,91.88,3.7836,4,3.890625,3,3.18317,1.2389111471,1.1130638558052275,1.3806239154816926
2284.0,102678.95,121.511439,37.43462388,37.4,91.85,4.1076000000000015,4,3.8359375,3,3.18317,1.2389111471,1.1130638558052275,1.3806239154816926
2284.0,102679.05,121.51144006,37.43462388,37.41,91.73,4.0212,4,3.859375,3,3.18317,1.2389111471,1.1130638558052275,1.3806239154816926
2284.0,102679.15,121.51144116,37.43462388,37.42,91.62,3.7008,4,3.859375,3,3.18317,1.2389111471,1.1130638558052275,1.3806239154816926
2284.0,102679.25,121.51144223,37.43462384,37.44,91.64,3.2148000000000003,4,3.8359375,3,3.18317,1.2389111471,1.1130638558052275,1.3806239154816926
2284.0,102679.35,121.51144335,37.43462383,37.45,91.7,3.0384,4,3.796875,3,3.18317,1.2389111471,1.1130638558052275,1.3806239154816926
2284.0,102679.45,121.51144443,37.4346238,37.46,91.83,3.1716,4,3.7578125,3,3.18317,1.2389111471,1.1130638558052275,1.3806239154816926
2284.0,102679.55,121.51144554,37.43462379,37.47,91.87,3.366,4,3.7421875,3,3.18317,1.2389111471,1.1130638558052275,1.3806239154816926
2284.0,102679.65,121.51144662,37.43462377,37.48,91.9,3.7296,4,3.71875,3,3.18317,1.2389111471,1.1130638558052275,1.3806239154816926
2284.0,102679.75,121.51144769,37.43462378,37.5,91.84,3.9204,4,3.7578125,3,3.18317,1.2389111471,1.1130638558052275,1.3806239154816926
2284.0,102679.85,121.51144874,37.43462377,37.51,91.72,3.8448,4,3.71875,3,3.18317,1.2389111471,1.1130638558052275,1.3806239154816926
2284.0,102679.95,121.51144981,37.43462376,37.52,91.67,3.2688,4,3.703125,3,3.18317,1.2389111471,1.1130638558052275,1.3806239154816926
2284.0,102680.05,121.51145087,37.43462375,37.53,91.71,2.9664,4,3.703125,3,3.18317,1.2389111471,1.1130638558052275,1.3806239154816926
2284.0,102680.15,121.51145199,37.43462368,37.55,91.89,2.9664,4,3.71875,3,3.18317,1.2389111471,1.1130638558052275,1.3806239154816926
2284.0,102680.25,121.51145303,37.43462365,37.56,91.98,3.3948,4,3.71875,3,3.18317,1.2389111471,1.1130638558052275,1.3806239154816926
2284.0,102680.35,121.51145409,37.43462363,37.57,91.96,3.9996,4,3.78125,3,3.18317,1.2389111471,1.1130638558052275,1.3806239154816926
2284.0,102680.45,121.51145513,37.43462361,37.59,91.83,4.2696,4,3.7578125,3,3.18317,1.2389111471,1.1130638558052275,1.3806239154816926
2284.0,102680.55,121.51145618,37.43462363,37.6,91.67,3.7908,4,3.78125,3,3.18317,1.2389111471,1.1130638558052275,1.3806239154816926
2284.0,102680.65,121.51145721,37.43462362,37.61,91.69,3.0096,4,3.7578125,3,3.18317,1.2389111471,1.1130638558052275,1.3806239154816926
2284.0,102680.75,121.51145835,37.4346236,37.62,91.84,2.8800000000000003,4,3.8359375,3,3.18317,1.2389111471,1.1130638558052275,1.3806239154816926
2284.0,102680.85,121.51145946,37.43462355,37.63,92.03,3.1608,4,3.8203125,3,3.18317,1.2389111471,1.1130638558052275,1.3806239154816926
2284.0,102680.95,121.51146057,37.43462354,37.65,92.07,3.852,4,3.8203125,3,3.18317,1.2389111471,1.1130638558052275,1.3806239154816926
2284.0,102681.05,121.51146165,37.43462354,37.66,91.92,4.284,4,3.875,3,3.18317,1.2389111471,1.1130638558052275,1.3806239154816926
2284.0,102681.15,121.51146272,37.43462356,37.67,91.76,4.104,4,3.859375,3,3.18317,1.2389111471,1.1130638558052275,1.3806239154816926
2284.0,102681.25,121.51146379,37.43462357,37.68,91.67,3.2436000000000003,4,3.875,3,3.18317,1.2389111471,1.1130638558052275,1.3806239154816926
2284.0,102681.35,121.51146494,37.43462353,37.69,91.82,2.9808,4,3.859375,3,3.18317,1.2389111471,1.1130638558052275,1.3806239154816926
2284.0,102681.45,121.51146606,37.43462351,37.7,91.99,3.0996,4,3.9140625,3,3.18317,1.2389111471,1.1130638558052275,1.3806239154816926
2284.0,102681.55,121.51146719,37.43462349,37.72,92.06,3.5748,4,3.890625,3,3.18317,1.2389111471,1.1130638558052275,1.3806239154816926
2284.0,102681.65,121.51146829999999,37.43462348,37.73,92.01,3.9996,4,3.9140625,3,3.18317,1.2389111471,1.1130638558052275,1.3806239154816926
2284.0,102681.76,121.51146952,37.43462348,37.74,91.98,4.0932,4,3.9140625,3,3.18317,1.2389111471,1.1130638558052275,1.3806239154816926
2284.0,102681.85,121.5114705,37.43462349,37.75,91.83,3.87,4,3.953125,3,3.18317,1.2389111471,1.1130638558052275,1.3806239154816926
2284.0,102681.95,121.51147163,37.43462349,37.77,91.8,3.5892,4,3.9296875,3,3.18317,1.2389111471,1.1130638558052275,1.3806239154816926
2284.0,102682.05,121.51147275,37.43462346,37.78,91.84,3.3156000000000003,4,3.96875,3,3.18317,1.2389111471,1.1130638558052275,1.3806239154816926
2284.0,102682.15,121.51147389,37.43462345,37.79,91.86,3.2508000000000004,4,3.9140625,3,3.18317,1.2389111471,1.1130638558052275,1.3806239154816926
2284.0,102682.25,121.51147501,37.43462343,37.8,91.92,3.3516000000000004,4,3.9296875,3,3.18317,1.2389111471,1.1130638558052275,1.3806239154816926
2284.0,102682.35,121.51147614,37.43462343,37.81,91.93,3.5784,4,3.9921875,3,3.18317,1.2389111471,1.1130638558052275,1.3806239154816926
2284.0,102682.45,121.51147727,37.43462341,37.82,91.94,3.7476,4,3.9296875,3,3.18317,1.2389111471,1.1130638558052275,1.3806239154816926
2284.0,102682.55,121.5114784,37.43462341,37.84,91.9,4.024800000000001,4,3.96875,3,3.18317,1.2389111471,1.1130638558052275,1.3806239154816926
2284.0,102682.65,121.51147953,37.43462341,37.85,91.82,4.0535999999999985,4,3.9140625,3,3.18317,1.2389111471,1.1130638558052275,1.3806239154816926
2284.0,102682.75,121.51148065,37.43462341,37.86,91.75,3.8988,4,3.96875,3,3.18317,1.2389111471,1.1130638558052275,1.3806239154816926
2284.0,102682.85,121.51148177,37.4346234,37.87,91.67,3.6216,4,3.953125,3,3.18317,1.2389111471,1.1130638558052275,1.3806239154816926
2284.0,102682.95,121.51148291,37.43462338,37.89,91.68,3.4884,4,3.9140625,3,3.18317,1.2389111471,1.1130638558052275,1.3806239154816926
2284.0,102683.05,121.51148405,37.43462338,37.9,91.68,3.2688,4,3.9140625,3,3.18317,1.2389111471,1.1130638558052275,1.3806239154816926
2284.0,102683.15,121.51148519,37.43462335,37.91,91.75,3.3048,4,3.890625,3,3.18317,1.2389111471,1.1130638558052275,1.3806239154816926
2284.0,102683.25,121.51148629,37.43462334,37.92,91.77,3.3876,4,3.953125,3,3.18317,1.2389111471,1.1130638558052275,1.3806239154816926
2284.0,102683.35,121.51148741,37.43462332,37.93,91.81,3.5964,4,3.890625,3,3.18317,1.2389111471,1.1130638558052275,1.3806239154816926
2284.0,102683.45,121.51148854,37.43462332,37.95,91.8,3.8412,4,3.9140625,3,3.18317,1.2389111471,1.1130638558052275,1.3806239154816926
2284.0,102683.55,121.51148966,37.43462332,37.96,91.74,4.1076000000000015,4,3.875,3,3.18317,1.2389111471,1.1130638558052275,1.3806239154816926
2284.0,102683.65,121.51149078,37.43462331,37.97,91.64,3.9816,4,3.890625,3,3.18317,1.2389111471,1.1130638558052275,1.3806239154816926
2284.0,102683.75,121.51149191,37.43462332,37.98,91.56,3.5964,4,3.859375,3,3.18317,1.2389111471,1.1130638558052275,1.3806239154816926
2284.0,102683.85,121.51149305,37.43462329,37.99,91.62,3.1932,4,3.859375,3,3.18317,1.2389111471,1.1130638558052275,1.3806239154816926
2284.0,102683.95,121.51149418,37.43462328,38.01,91.68,3.0888,4,3.8359375,3,3.18317,1.2389111471,1.1130638558052275,1.3806239154816926
2284.0,102684.06,121.51149539,37.43462325,38.02,91.71,3.0888,4,3.796875,3,3.18317,1.2389111471,1.1130638558052275,1.3806239154816926
2284.0,102684.15,121.51149639,37.43462324,38.03,91.77,3.5352,4,3.8203125,3,3.18317,1.2389111471,1.1130638558052275,1.3806239154816926
2284.0,102684.25,121.51149747,37.43462321,38.04,91.76,3.8592,4,3.796875,3,3.18317,1.2389111471,1.1130638558052275,1.3806239154816926
2284.0,102684.35,121.51149856,37.43462321,38.05,91.7,3.978,4,3.71875,3,3.18317,1.2389111471,1.1130638558052275,1.3806239154816926
2284.0,102684.45,121.51149963,37.43462319,38.07,91.59,3.8808,4,3.7421875,3,3.18317,1.2389111471,1.1130638558052275,1.3806239154816926
2284.0,102684.55,121.51150072,37.43462319,38.08,91.54,3.3048,4,3.7578125,3,3.18317,1.2389111471,1.1130638558052275,1.3806239154816926
2284.0,102684.65,121.51150178,37.43462317,38.09,91.56,3.0024,4,3.7421875,3,3.18317,1.2389111471,1.1130638558052275,1.3806239154816926
2284.0,102684.75,121.51150287,37.43462312,38.1,91.7,2.9556,4,3.71875,3,3.18317,1.2389111471,1.1130638558052275,1.3806239154816926
2284.0,102684.85,121.51150393,37.43462308,38.11,91.78,3.3336,4,3.6875,3,3.18317,1.2389111471,1.1130638558052275,1.3806239154816926
2284.0,102684.95,121.511505,37.43462306,38.13,91.77,3.9348,4,3.6875,3,3.18317,1.2389111471,1.1130638558052275,1.3806239154816926
2284.0,102685.05,121.51150605,37.43462304,38.14,91.63,4.2732,4,3.703125,3,3.18317,1.2389111471,1.1130638558052275,1.3806239154816926
2284.0,102685.15,121.51150709,37.43462308,38.15,91.41,3.7368,4,3.703125,3,3.18317,1.2389111471,1.1130638558052275,1.3806239154816926
2284.0,102685.25,121.51150812,37.43462307,38.17,91.38,2.8836000000000004,4,3.78125,3,3.18317,1.2389111471,1.1130638558052275,1.3806239154816926
2284.0,102685.36,121.51150931,37.43462307,38.18,91.42,2.7072000000000003,4,3.7578125,3,3.18317,1.2389111471,1.1130638558052275,1.3806239154816926
2284.0,102685.45,121.51151031,37.434622999999995,38.19,91.76,3.0132,4,3.7421875,3,3.18317,1.2389111471,1.1130638558052275,1.3806239154816926
2284.0,102685.55,121.51151139,37.43462299,38.2,91.8,3.7584,4,3.8359375,3,3.18317,1.2389111471,1.1130638558052275,1.3806239154816926
2284.0,102685.65,121.51151245,37.43462298,38.21,91.64,4.2984,4,3.8359375,3,3.18317,1.2389111471,1.1130638558052275,1.3806239154816926
2284.0,102685.75,121.51151349,37.434622999999995,38.22,91.43,4.0824,4,3.8203125,3,3.18317,1.2389111471,1.1130638558052275,1.3806239154816926
2284.0,102685.85,121.51151456,37.43462301,38.23,91.31,3.168,4,3.8359375,3,3.18317,1.2389111471,1.1130638558052275,1.3806239154816926
2284.0,102685.95,121.51151571,37.43462295,38.25,91.5,2.8836000000000004,4,3.859375,3,3.18317,1.2389111471,1.1130638558052275,1.3806239154816926
2284.0,102686.05,121.51151687,37.43462292,38.25,91.7,3.1392,4,3.875,3,3.18317,1.2389111471,1.1130638558052275,1.3806239154816926
2284.0,102686.15,121.51151802,37.4346229,38.27,91.78,3.7944,4,3.9296875,3,3.18317,1.2389111471,1.1130638558052275,1.3806239154816926
2284.0,102686.25,121.51151916,37.4346229,38.28,91.68,4.3632,4,3.953125,3,3.18317,1.2389111471,1.1130638558052275,1.3806239154816926
2284.0,102686.35,121.51152026,37.43462293,38.29,91.48,4.453200000000002,4,3.953125,3,3.18317,1.2389111471,1.1130638558052275,1.3806239154816926
2284.0,102686.46,121.51152151,37.43462292,38.31,91.41,4.14,4,3.96875,3,3.18317,1.2389111471,1.1130638558052275,1.3806239154816926
2284.0,102686.56,121.51152263,37.43462292,38.32,91.34,3.6144,4,3.9296875,3,3.18317,1.2389111471,1.1130638558052275,1.3806239154816926
2284.0,102686.65,121.51152366,37.43462288,38.33,91.44,3.0924,4,3.9921875,3,3.18317,1.2389111471,1.1130638558052275,1.3806239154816926
2284.0,102686.75,121.51152481,37.43462285,38.34,91.47,3.3480000000000003,4,3.9921875,3,3.18317,1.2389111471,1.1130638558052275,1.3806239154816926
2284.0,102686.85,121.51152595,37.43462281,38.35,91.5,3.5136,4,3.9921875,3,3.18317,1.2389111471,1.1130638558052275,1.3806239154816926
2284.0,102686.95,121.51152708,37.43462279999999,38.36,91.48,3.7476,4,4.0234375,3,3.18317,1.2389111471,1.1130638558052275,1.3806239154816926
2284.0,102687.06,121.51152833,37.43462276,38.38,91.49,3.6864,4,4.0078125,3,3.18317,1.2389111471,1.1130638558052275,1.3806239154816926
2284.0,102687.15,121.51152936,37.43462276,38.39,91.46,3.978,4,4.0078125,3,3.18317,1.2389111471,1.1130638558052275,1.3806239154816926
2284.0,102687.25,121.51153051,37.43462274,38.4,91.42,3.9924,4,3.9921875,3,3.18317,1.2389111471,1.1130638558052275,1.3806239154816926
2284.0,102687.35,121.51153166,37.43462274,38.42,91.37,3.9132,4,4.046875,3,3.18317,1.2389111471,1.1130638558052275,1.3806239154816926
2284.0,102687.45,121.5115328,37.43462273,38.43,91.31,3.7764,4,4.0078125,3,3.18317,1.2389111471,1.1130638558052275,1.3806239154816926
2284.0,102687.56,121.51153409,37.4346227,38.44,91.33,3.87,4,4.0078125,3,3.18317,1.2389111471,1.1130638558052275,1.3806239154816926
2284.0,102687.66,121.51153524,37.43462269,38.46,91.29,3.5388,4,4.0078125,3,3.18317,1.2389111471,1.1130638558052275,1.3806239154816926
2284.0,102687.75,121.51153629999999,37.43462265,38.47,91.37,3.33,4,4.0234375,3,3.18317,1.2389111471,1.1130638558052275,1.3806239154816926
2284.0,102687.85,121.51153744,37.43462265,38.48,91.39,3.3228000000000004,4,3.9921875,3,3.18317,1.2389111471,1.1130638558052275,1.3806239154816926
2284.0,102687.95,121.51153858,37.43462261,38.49,91.46,3.5172,4,4.0078125,3,3.18317,1.2389111471,1.1130638558052275,1.3806239154816926
2284.0,102688.05,121.51153970000001,37.43462261,38.51,91.45,3.6756,4,4.0078125,3,3.18317,1.2389111471,1.1130638558052275,1.3806239154816926
2284.0,102688.15,121.51154083,37.43462257,38.52,91.46,3.8772,4,3.96875,3,3.18317,1.2389111471,1.1130638558052275,1.3806239154816926
2284.0,102688.25,121.51154198,37.43462255,38.53,91.41,3.96,4,3.9921875,3,3.18317,1.2389111471,1.1130638558052275,1.3806239154816926
2284.0,102688.35,121.51154313,37.43462253,38.55,91.38,4.0788,4,4.0078125,3,3.18317,1.2389111471,1.1130638558052275,1.3806239154816926
2284.0,102688.45,121.51154428,37.43462253,38.56,91.33,3.8268,4,3.953125,3,3.18317,1.2389111471,1.1130638558052275,1.3806239154816926
2284.0,102688.55,121.51154543,37.43462253,38.57,91.27,3.5460000000000003,4,3.96875,3,3.18317,1.2389111471,1.1130638558052275,1.3806239154816926
2284.0,102688.65,121.51154656,37.43462253,38.59,91.29,3.276,4,4.0078125,3,3.18317,1.2389111471,1.1130638558052275,1.3806239154816926
2284.0,102688.76,121.51154782,37.43462253,38.6,91.27,3.3228000000000004,4,3.9296875,3,3.18317,1.2389111471,1.1130638558052275,1.3806239154816926
2284.0,102688.86,121.51154895,37.43462252,38.61,91.36,3.2039999999999997,4,3.953125,3,3.18317,1.2389111471,1.1130638558052275,1.3806239154816926
2284.0,102688.95,121.51154999,37.434622499999996,38.62,91.42,3.5496,4,3.96875,3,3.18317,1.2389111471,1.1130638558052275,1.3806239154816926
2284.0,102689.05,121.51155111,37.43462248,38.63,91.41,3.7439999999999998,4,3.9140625,3,3.18317,1.2389111471,1.1130638558052275,1.3806239154816926
2284.0,102689.15,121.51155222,37.43462248,38.65,91.35,3.967200000000001,4,3.9296875,3,3.18317,1.2389111471,1.1130638558052275,1.3806239154816926
2284.0,102689.26,121.51155348,37.43462247,38.66,91.32,3.938400000000001,4,3.890625,3,3.18317,1.2389111471,1.1130638558052275,1.3806239154816926
2284.0,102689.36,121.51155459,37.43462245,38.68,91.26,3.8952,4,3.890625,3,3.18317,1.2389111471,1.1130638558052275,1.3806239154816926
2284.0,102689.45,121.51155558,37.43462246,38.69,91.15,3.4272,4,3.859375,3,3.18317,1.2389111471,1.1130638558052275,1.3806239154816926
2284.0,102689.55,121.5115567,37.43462242,38.7,91.18,3.1824,4,3.859375,3,3.18317,1.2389111471,1.1130638558052275,1.3806239154816926
2284.0,102689.65,121.51155781,37.43462243,38.71,91.19,3.1032,4,3.8203125,3,3.18317,1.2389111471,1.1130638558052275,1.3806239154816926
2284.0,102689.75,121.51155893,37.43462239,38.72,91.27,3.258,4,3.796875,3,3.18317,1.2389111471,1.1130638558052275,1.3806239154816926
2284.0,102689.86,121.51156015,37.4346224,38.74,91.24,3.2652,4,3.8203125,3,3.18317,1.2389111471,1.1130638558052275,1.3806239154816926
2284.0,102689.96,121.51156127,37.43462237,38.75,91.29,3.5892,4,3.7578125,3,3.18317,1.2389111471,1.1130638558052275,1.3806239154816926
2284.0,102690.05,121.51156225,37.43462236,38.76,91.18,4.104,4,3.7421875,3,3.18317,1.2389111471,1.1130638558052275,1.3806239154816926
2284.0,102690.15,121.51156332,37.43462238,38.78,91.01,3.9816,4,3.703125,3,3.18317,1.2389111471,1.1130638558052275,1.3806239154816926
2284.0,102690.25,121.51156441,37.43462238,38.79,90.91,3.3372,4,3.703125,3,3.18317,1.2389111471,1.1130638558052275,1.3806239154816926
2284.0,102690.36,121.5115656,37.43462237,38.8,90.87,3.1032,4,3.71875,3,3.18317,1.2389111471,1.1130638558052275,1.3806239154816926
2284.0,102690.46,121.51156669,37.43462235,38.81,91.03,2.8476000000000004,4,3.71875,3,3.18317,1.2389111471,1.1130638558052275,1.3806239154816926
2284.0,102690.55,121.51156770000001,37.43462231,38.82,91.25,3.3120000000000003,4,3.6875,3,3.18317,1.2389111471,1.1130638558052275,1.3806239154816926
2284.0,102690.65,121.51156879,37.43462227,38.84,91.26,3.9816,4,3.703125,3,3.18317,1.2389111471,1.1130638558052275,1.3806239154816926
2284.0,102690.75,121.51156983,37.43462229,38.85,91.11,4.3128,4,3.71875,3,3.18317,1.2389111471,1.1130638558052275,1.3806239154816926
2284.0,102690.85,121.51157090000001,37.43462231,38.86,90.91,3.816,4,3.7578125,3,3.18317,1.2389111471,1.1130638558052275,1.3806239154816926
2284.0,102690.96,121.5115721,37.43462229,38.88,90.9,3.2904,4,3.796875,3,3.18317,1.2389111471,1.1130638558052275,1.3806239154816926
2284.0,102691.06,121.51157324,37.43462227,38.89,91.02,2.7936,4,3.8203125,3,3.18317,1.2389111471,1.1130638558052275,1.3806239154816926
2284.0,102691.15,121.51157432,37.43462217,38.9,91.41,3.2544,4,3.8359375,3,3.18317,1.2389111471,1.1130638558052275,1.3806239154816926
2284.0,102691.25,121.51157546,37.43462215,38.91,91.41,4.1832,4,3.890625,3,3.18317,1.2389111471,1.1130638558052275,1.3806239154816926
2284.0,102691.35,121.51157656,37.43462216,38.92,91.23,4.6944,4,3.875,3,3.18317,1.2389111471,1.1130638558052275,1.3806239154816926
2284.0,102691.45,121.5115777,37.43462217,38.94,91.05,4.2984,4,3.953125,3,3.18317,1.2389111471,1.1130638558052275,1.3806239154816926
2284.0,102691.56,121.51157897,37.43462218,38.95,91.01,3.7548,4,3.9296875,3,3.18317,1.2389111471,1.1130638558052275,1.3806239154816926
2284.0,102691.66,121.51158011,37.43462217,38.96,91.12,3.2112000000000003,4,3.9921875,3,3.18317,1.2389111471,1.1130638558052275,1.3806239154816926
2284.0,102691.75,121.51158122,37.43462213,38.97,91.37,3.3156000000000003,4,4.0234375,3,3.18317,1.2389111471,1.1130638558052275,1.3806239154816926
2284.0,102691.85,121.51158241,37.43462211,38.98,91.47,3.8268,4,4.046875,3,3.18317,1.2389111471,1.1130638558052275,1.3806239154816926
2284.0,102691.95,121.51158359,37.43462213,39.0,91.39,4.2192,4,4.0234375,3,3.18317,1.2389111471,1.1130638558052275,1.3806239154816926
2284.0,102692.06,121.51158493,37.43462211,39.01,91.41,4.2624,4,4.0859375,3,3.18317,1.2389111471,1.1130638558052275,1.3806239154816926
2284.0,102692.16,121.51158613,37.43462214,39.02,91.34,4.158,4,4.1015625,3,3.18317,1.2389111471,1.1130638558052275,1.3806239154816926
2284.0,102692.26,121.51158739,37.43462214,39.04,91.38,4.024800000000001,4,4.1015625,3,3.18317,1.2389111471,1.1130638558052275,1.3806239154816926
2284.0,102692.35,121.51158849,37.43462215,39.05,91.41,3.8339999999999996,4,4.1015625,3,3.18317,1.2389111471,1.1130638558052275,1.3806239154816926
2284.0,102692.45,121.51158975,37.43462216,39.06,91.43,4.013999999999999,4,4.125,3,3.18317,1.2389111471,1.1130638558052275,1.3806239154816926
2284.0,102692.55,121.51159098,37.43462214,39.07,91.46,4.0644,4,4.1015625,3,3.18317,1.2389111471,1.1130638558052275,1.3806239154816926
2284.0,102692.65,121.51159224,37.43462215,39.08,91.42,4.0788,4,4.0625,3,3.18317,1.2389111471,1.1130638558052275,1.3806239154816926
2284.0,102692.75,121.51159348,37.43462212,39.1,91.44,3.9132,4,4.0859375,3,3.18317,1.2389111471,1.1130638558052275,1.3806239154816926
2284.0,102692.85,121.51159475,37.43462213,39.11,91.45,3.8448,4,4.125,3,3.18317,1.2389111471,1.1130638558052275,1.3806239154816926
2284.0,102692.95,121.511596,37.4346221,39.12,91.53,3.7908,4,4.125,3,3.18317,1.2389111471,1.1130638558052275,1.3806239154816926
2284.0,102693.05,121.51159726,37.4346221,39.13,91.55,3.8196,4,4.125,3,3.18317,1.2389111471,1.1130638558052275,1.3806239154816926
2284.0,102693.15,121.51159851,37.43462207,39.14,91.62,3.852,4,4.125,3,3.18317,1.2389111471,1.1130638558052275,1.3806239154816926
2284.0,102693.26,121.51159988,37.43462208,39.15,91.6,3.7944,4,4.125,3,3.18317,1.2389111471,1.1130638558052275,1.3806239154816926
2284.0,102693.36,121.51160113,37.43462202,39.16,91.66,3.8952,4,4.1015625,3,3.18317,1.2389111471,1.1130638558052275,1.3806239154816926
2284.0,102693.45,121.51160228,37.43462202,39.18,91.64,4.2444000000000015,4,4.140625,3,3.18317,1.2389111471,1.1130638558052275,1.3806239154816926
2284.0,102693.55,121.51160351,37.434622,39.19,91.62,4.2552,4,4.0859375,3,3.18317,1.2389111471,1.1130638558052275,1.3806239154816926
2284.0,102693.65,121.51160478,37.434622,39.2,91.59,4.2084,4,4.0859375,3,3.18317,1.2389111471,1.1130638558052275,1.3806239154816926
2284.0,102693.76,121.51160618,37.43462197,39.21,91.59,4.284,4,4.0859375,3,3.18317,1.2389111471,1.1130638558052275,1.3806239154816926
2284.0,102693.86,121.51160747,37.43462195,39.22,91.59,4.1112,4,4.125,3,3.18317,1.2389111471,1.1130638558052275,1.3806239154816926
2284.0,102693.96,121.51160875,37.43462193,39.23,91.57,4.0680000000000005,4,4.125,3,3.18317,1.2389111471,1.1130638558052275,1.3806239154816926
2284.0,102694.05,121.51160992,37.434621899999996,39.24,91.62,4.0392,4,4.1015625,3,3.18317,1.2389111471,1.1130638558052275,1.3806239154816926
2284.0,102694.15,121.51161121,37.43462189,39.25,91.61,3.902400000000001,4,4.125,3,3.18317,1.2389111471,1.1130638558052275,1.3806239154816926
2284.0,102694.25,121.51161248,37.43462186,39.26,91.68,3.888,4,4.1015625,3,3.18317,1.2389111471,1.1130638558052275,1.3806239154816926
2284.0,102694.36,121.51161387,37.43462187,39.27,91.63,3.8376,4,4.046875,3,3.18317,1.2389111471,1.1130638558052275,1.3806239154816926
2284.0,102694.46,121.51161516,37.43462186,39.28,91.7,3.852,4,4.0625,3,3.18317,1.2389111471,1.1130638558052275,1.3806239154816926
2284.0,102694.55,121.51161633,37.43462185,39.28,91.75,3.9924,4,4.1015625,3,3.18317,1.2389111471,1.1130638558052275,1.3806239154816926
2284.0,102694.65,121.51161765,37.43462182,39.3,91.82,4.1724000000000006,4,4.0859375,3,3.18317,1.2389111471,1.1130638558052275,1.3806239154816926
2284.0,102694.75,121.51161893,37.43462181,39.3,91.8,4.3524,4,4.0859375,3,3.18317,1.2389111471,1.1130638558052275,1.3806239154816926
2284.0,102694.85,121.51162025,37.4346218,39.31,91.78,4.3128,4,4.0625,3,3.18317,1.2389111471,1.1130638558052275,1.3806239154816926
2284.0,102694.96,121.51162167,37.43462178,39.32,91.81,4.3056,4,4.0625,3,3.18317,1.2389111471,1.1130638558052275,1.3806239154816926
2284.0,102695.06,121.51162297,37.43462178,39.33,91.83,4.2552,4,4.0625,3,3.18317,1.2389111471,1.1130638558052275,1.3806239154816926
2284.0,102695.15,121.51162412,37.43462178,39.33,91.83,4.0752,4,4.0859375,3,3.18317,1.2389111471,1.1130638558052275,1.3806239154816926
2284.0,102695.25,121.51162541,37.43462179,39.34,91.85,4.017600000000002,4,4.0859375,3,3.18317,1.2389111471,1.1130638558052275,1.3806239154816926
2284.0,102695.35,121.51162669,37.43462177,39.35,91.9,4.0680000000000005,4,4.046875,3,3.18317,1.2389111471,1.1130638558052275,1.3806239154816926
2284.0,102695.46,121.5116281,37.43462178,39.36,91.92,4.032000000000001,4,4.046875,3,3.18317,1.2389111471,1.1130638558052275,1.3806239154816926
2284.0,102695.55,121.51162927,37.43462173,39.36,91.98,3.9888,4,4.046875,3,3.18317,1.2389111471,1.1130638558052275,1.3806239154816926
2284.0,102695.65,121.51163056,37.43462173,39.37,91.99,3.967200000000001,4,4.046875,3,3.18317,1.2389111471,1.1130638558052275,1.3806239154816926
2284.0,102695.75,121.51163186,37.43462167,39.38,92.1,4.0356000000000005,4,4.046875,3,3.18317,1.2389111471,1.1130638558052275,1.3806239154816926
2284.0,102695.86,121.51163327,37.43462168,39.39,92.09,4.0104000000000015,4,4.0078125,3,3.18317,1.2389111471,1.1130638558052275,1.3806239154816926
2284.0,102695.96,121.51163456,37.43462162,39.39,92.18,4.122,4,4.046875,3,3.18317,1.2389111471,1.1130638558052275,1.3806239154816926
2284.0,102696.05,121.51163570000001,37.43462163,39.4,92.11,4.3272,4,4.0625,3,3.18317,1.2389111471,1.1130638558052275,1.3806239154816926
2284.0,102696.15,121.51163697,37.43462159,39.4,92.09,4.3344,4,4.046875,3,3.18317,1.2389111471,1.1130638558052275,1.3806239154816926
2284.0,102696.25,121.51163823,37.43462157,39.41,92.04,4.0535999999999985,4,4.0078125,3,3.18317,1.2389111471,1.1130638558052275,1.3806239154816926
2284.0,102696.36,121.51163962,37.43462152,39.42,92.06,4.032000000000001,4,4.0234375,3,3.18317,1.2389111471,1.1130638558052275,1.3806239154816926
2284.0,102696.46,121.51164087,37.43462149,39.42,92.08,3.888,4,3.9921875,3,3.18317,1.2389111471,1.1130638558052275,1.3806239154816926
2284.0,102696.55,121.51164202,37.43462146,39.43,92.15,3.8988,4,3.9921875,3,3.18317,1.2389111471,1.1130638558052275,1.3806239154816926
2284.0,102696.65,121.51164329,37.43462143,39.44,92.23,3.8376,4,4.0078125,3,3.18317,1.2389111471,1.1130638558052275,1.3806239154816926
2284.0,102696.75,121.51164455,37.43462142,39.44,92.27,3.8412,4,4.0078125,3,3.18317,1.2389111471,1.1130638558052275,1.3806239154816926
2284.0,102696.86,121.51164592,37.43462139,39.45,92.31,3.8736,4,3.96875,3,3.18317,1.2389111471,1.1130638558052275,1.3806239154816926
2284.0,102696.96,121.51164718,37.43462139,39.45,92.3,4.0644,4,3.9921875,3,3.18317,1.2389111471,1.1130638558052275,1.3806239154816926
2284.0,102697.05,121.51164829,37.43462136,39.45,92.27,4.2768,4,3.96875,3,3.18317,1.2389111471,1.1130638558052275,1.3806239154816926
2284.0,102697.15,121.51164952,37.43462136,39.46,92.18,4.1832,4,3.953125,3,3.18317,1.2389111471,1.1130638558052275,1.3806239154816926
2284.0,102697.25,121.51165077,37.43462134,39.46,92.16,4.024800000000001,4,3.9921875,3,3.18317,1.2389111471,1.1130638558052275,1.3806239154816926
2284.0,102697.36,121.51165216,37.43462131,39.47,92.17,3.9276,4,3.9296875,3,3.18317,1.2389111471,1.1130638558052275,1.3806239154816926
2284.0,102697.46,121.5116534,37.434621299999996,39.47,92.19,3.8376,4,3.9296875,3,3.18317,1.2389111471,1.1130638558052275,1.3806239154816926
2284.0,102697.56,121.51165465,37.43462127,39.47,92.25,3.8088,4,3.9140625,3,3.18317,1.2389111471,1.1130638558052275,1.3806239154816926
2284.0,102697.65,121.51165574,37.43462128,39.48,92.25,3.8268,4,3.9140625,3,3.18317,1.2389111471,1.1130638558052275,1.3806239154816926
2284.0,102697.75,121.51165696,37.43462122,39.48,92.32,3.9096,4,3.875,3,3.18317,1.2389111471,1.1130638558052275,1.3806239154816926
2284.0,102697.85,121.51165815,37.43462121,39.49,92.32,4.0032000000000005,4,3.875,3,3.18317,1.2389111471,1.1130638558052275,1.3806239154816926
2284.0,102697.96,121.51165947,37.43462115,39.49,92.37,4.0716,4,3.859375,3,3.18317,1.2389111471,1.1130638558052275,1.3806239154816926
2284.0,102698.06,121.51166065,37.43462112,39.5,92.33,4.2012,4,3.8203125,3,3.18317,1.2389111471,1.1130638558052275,1.3806239154816926
2284.0,102698.15,121.51166172,37.4346211,39.5,92.24,3.996,4,3.8203125,3,3.18317,1.2389111471,1.1130638558052275,1.3806239154816926
2284.0,102698.25,121.51166289999999,37.43462106,39.51,92.26,3.6180000000000003,4,3.796875,3,3.18317,1.2389111471,1.1130638558052275,1.3806239154816926
2284.0,102698.35,121.51166411,37.43462103,39.51,92.33,3.4992,4,3.796875,3,3.18317,1.2389111471,1.1130638558052275,1.3806239154816926
2284.0,102698.45,121.51166525,37.43462099,39.52,92.44,3.6036,4,3.78125,3,3.18317,1.2389111471,1.1130638558052275,1.3806239154816926
2284.0,102698.56,121.51166653,37.43462097,39.52,92.45,3.5856,4,3.7421875,3,3.18317,1.2389111471,1.1130638558052275,1.3806239154816926
2284.0,102698.66,121.51166765,37.43462091,39.52,92.52,3.967200000000001,4,3.703125,3,3.18317,1.2389111471,1.1130638558052275,1.3806239154816926
2284.0,102698.75,121.51166863,37.43462093,39.53,92.33,4.2012,4,3.703125,3,3.18317,1.2389111471,1.1130638558052275,1.3806239154816926
2284.0,102698.85,121.51166972,37.43462091,39.53,92.24,3.7512,4,3.6875,3,3.18317,1.2389111471,1.1130638558052275,1.3806239154816926
2284.0,102698.95,121.51167087,37.43462087,39.54,92.33,3.1032,4,3.703125,3,3.18317,1.2389111471,1.1130638558052275,1.3806239154816926
2284.0,102699.05,121.51167203,37.43462083,39.54,92.48,3.15,4,3.71875,3,3.18317,1.2389111471,1.1130638558052275,1.3806239154816926
2284.0,102699.16,121.51167324,37.43462076,39.54,92.65,3.2796000000000003,4,3.7421875,3,3.18317,1.2389111471,1.1130638558052275,1.3806239154816926
2284.0,102699.26,121.51167433,37.43462073,39.55,92.67,3.931200000000001,4,3.8203125,3,3.18317,1.2389111471,1.1130638558052275,1.3806239154816926
2284.0,102699.36,121.51167542,37.43462072,39.55,92.57,4.5,4,3.8203125,3,3.18317,1.2389111471,1.1130638558052275,1.3806239154816926
2284.0,102699.45,121.51167637,37.43462074,39.56,92.29,3.7008,4,3.875,3,3.18317,1.2389111471,1.1130638558052275,1.3806239154816926
2284.0,102699.55,121.51167756,37.43462072,39.56,92.37,3.0996,4,3.9140625,3,3.18317,1.2389111471,1.1130638558052275,1.3806239154816926
2284.0,102699.65,121.51167874,37.43462066,39.56,92.67,3.2652,4,3.953125,3,3.18317,1.2389111471,1.1130638558052275,1.3806239154816926
2284.0,102699.76,121.51168007,37.43462066,39.56,92.76,3.5136,4,3.96875,3,3.18317,1.2389111471,1.1130638558052275,1.3806239154816926
2284.0,102699.86,121.51168125,37.43462063,39.57,92.84,4.248,4,4.0234375,3,3.18317,1.2389111471,1.1130638558052275,1.3806239154816926
2284.0,102699.95,121.51168228,37.43462068,39.57,92.59,4.5108,4,4.0234375,3,3.18317,1.2389111471,1.1130638558052275,1.3806239154816926
2284.0,102700.05,121.51168345,37.43462068,39.58,92.51,3.9744000000000006,4,4.0625,3,3.18317,1.2389111471,1.1130638558052275,1.3806239154816926
