GPSWeek,GPSTime,imu_lon,imu_lat,imu_altitude,headingAngle,v,cmd_steering,cmd_v,imu_gps_state,imu_satellite_num,imu_warning,cmd_v,car_v,shiftLevel
2283.0,552541.79,121.51393054,37.43444082,45.69,15.46,0.0036000000000000003,12.0,29.0,2.0,7,0.0,30
2283.0,552541.81,121.51393054,37.43444083,45.69,15.46,0.0036000000000000003,12.0,29.0,2.0,7,0.0,30
2283.0,552541.87,121.51393054,37.43444083,45.69,15.47,0.0036000000000000003,12.0,29.0,2.0,7,0.0,30
2283.0,552541.97,121.51393054,37.43444083,45.69,15.46,0.0036000000000000003,12.0,29.0,2.0,7,0.0,30
2283.0,552542.07,121.51393054,37.43444083,45.69,15.46,0.0216,12.0,29.0,2.0,7,0.0,30
2283.0,552542.17,121.51393054,37.43444083,45.69,15.47,0.0036000000000000003,12.0,29.0,2.0,7,0.0,30
2283.0,552542.27,121.51393054,37.43444083,45.69,15.47,0.0108,12.0,29.0,2.0,7,0.0,30
2283.0,552542.37,121.51393054,37.43444083,45.69,15.46,0.018000000000000002,12.0,29.0,2.0,7,0.0,30
2283.0,552542.46,121.51393054,37.43444083,45.69,15.47,0.007200000000000001,12.0,29.0,2.0,7,0.0,30
2283.0,552542.57,121.51393054,37.43444083,45.69,15.47,0.018000000000000002,12.0,29.0,2.0,7,0.0,30
2283.0,552542.67,121.51393054,37.43444083,45.69,15.46,0.0432,12.0,29.0,2.0,7,0.0,30
2283.0,552542.77,121.51393054,37.43444084,45.69,15.46,0.0108,12.0,29.0,2.0,7,0.0,30
2283.0,552542.87,121.51393053,37.43444083,45.69,15.44,0.014400000000000001,12.0,29.0,2.0,7,0.0,30
2283.0,552542.97,121.51393053,37.43444083,45.69,15.45,0.0324,12.0,29.0,2.0,7,0.0,30
2283.0,552543.06,121.51393054,37.43444083,45.69,15.45,0.028800000000000003,12.0,29.0,2.0,7,0.0,30
2283.0,552543.17,121.51393054,37.43444082,45.69,15.45,0.014400000000000001,12.0,29.0,2.0,7,0.0,30
2283.0,552543.27,121.51393054,37.43444081,45.69,15.44,0.007200000000000001,12.0,29.0,2.0,7,0.0,30
2283.0,552543.37,121.51393055,37.43444081,45.69,15.46,0.007200000000000001,12.0,29.0,2.0,7,0.0,30
2283.0,552543.47,121.51393055,37.4344408,45.69,15.45,0.0108,12.0,29.0,2.0,7,0.0,30
2283.0,552543.57,121.51393055,37.4344408,45.68,15.45,0.0324,12.0,29.0,2.0,7,0.0,30
2283.0,552543.67,121.51393055,37.4344408,45.68,15.46,0.07200000000000001,12.0,29.0,2.0,7,0.0,30
2283.0,552543.77,121.51393054,37.43444079,45.68,15.44,0.0468,12.0,29.0,2.0,7,0.0,30
2283.0,552543.87,121.51393054,37.43444078,45.68,15.44,0.0684,12.0,29.0,2.0,7,0.0,30
2283.0,552543.97,121.51393055,37.43444078,45.68,15.46,0.014400000000000001,12.0,29.0,2.0,7,0.0,30
2283.0,552544.06,121.51393054,37.43444077,45.68,15.45,0.0216,12.0,29.0,2.0,7,0.0,30
2283.0,552544.16,121.51393054,37.43444077,45.68,15.45,0.0216,12.0,29.0,2.0,7,0.0,30
2283.0,552544.27,121.51393055,37.43444077,45.68,15.45,0.0432,12.0,29.0,2.0,7,0.0,30
2283.0,552544.37,121.51393055,37.43444076,45.68,15.44,0.014400000000000001,12.0,29.0,2.0,7,0.0,30
2283.0,552544.47,121.51393055,37.43444076,45.68,15.45,0.0252,12.0,29.0,2.0,7,0.0,30
2283.0,552544.57,121.51393055,37.43444075,45.68,15.45,0.0324,12.0,29.0,2.0,7,0.0,30
2283.0,552544.66,121.51393054,37.43444074,45.68,15.44,0.0252,12.0,29.0,2.0,7,0.0,30
2283.0,552544.77,121.51393054,37.43444074,45.68,15.44,0.018000000000000002,12.0,29.0,2.0,7,0.0,30
2283.0,552544.87,121.51393054,37.43444073,45.68,15.44,0.018000000000000002,12.0,29.0,2.0,7,0.0,30
2283.0,552544.97,121.51393054,37.43444073,45.68,15.45,0.0324,12.0,29.0,2.0,7,0.0,30
2283.0,552545.07,121.51393054,37.43444074,45.68,15.45,0.0252,12.0,29.0,2.0,7,0.0,30
2283.0,552545.17,121.51393053,37.43444073,45.68,15.44,0.0324,12.0,29.0,2.0,7,0.0,30
2283.0,552545.27,121.51393054,37.43444074,45.68,15.44,0.0252,12.0,29.0,2.0,7,0.0,30
2283.0,552545.37,121.51393053,37.43444073,45.68,15.44,0.018000000000000002,12.0,29.0,2.0,7,0.0,30
2283.0,552545.47,121.51393054,37.43444074,45.68,15.45,0.0216,12.0,29.0,2.0,7,0.0,30
2283.0,552545.57,121.51393054,37.43444074,45.68,15.45,0.018000000000000002,12.0,29.0,2.0,7,0.0,30
2283.0,552545.67,121.51393053,37.43444074,45.68,15.44,0.0108,12.0,29.0,2.0,7,0.0,30
2283.0,552545.76,121.51393054,37.43444074,45.68,15.45,0.0216,12.0,29.0,2.0,7,0.0,30
2283.0,552545.87,121.51393054,37.43444074,45.68,15.45,0.014400000000000001,12.0,28.0,2.0,7,0.0,30
2283.0,552545.97,121.51393054,37.43444073,45.68,15.44,0.0108,12.0,28.0,2.0,7,0.0,30
2283.0,552546.07,121.51393054,37.43444074,45.68,15.45,0.0216,12.0,28.0,2.0,7,0.0,30
2283.0,552546.16,121.51393054,37.43444073,45.68,15.45,0.0216,12.0,28.0,2.0,7,0.0,30
2283.0,552546.28,121.51393053,37.43444074,45.68,15.44,0.0108,12.0,29.0,2.0,7,0.0,30
2283.0,552546.37,121.51393054,37.43444074,45.68,15.45,0.018000000000000002,12.0,29.0,2.0,7,0.0,30
2283.0,552546.47,121.51393054,37.43444074,45.68,15.44,0.018000000000000002,12.0,29.0,2.0,7,0.0,30
2283.0,552546.57,121.51393053,37.43444074,45.68,15.43,0.0504,12.0,29.0,2.0,7,0.0,30
2283.0,552546.66,121.51393055,37.43444075,45.68,15.46,0.0828,12.0,29.0,2.0,7,0.0,30
2283.0,552546.77,121.51393055,37.43444076,45.68,15.45,0.0324,12.0,29.0,2.0,7,0.0,30
2283.0,552546.87,121.51393054,37.43444074,45.68,15.43,0.039599999999999996,12.0,29.0,2.0,7,0.0,30
2283.0,552546.97,121.51393053,37.43444073,45.67,15.43,0.0432,12.0,29.0,2.0,7,0.0,30
2283.0,552547.07,121.51393053,37.43444072,45.67,15.44,0.014400000000000001,12.0,29.0,2.0,7,0.0,30
2283.0,552547.16,121.51393054,37.43444072,45.67,15.45,0.007200000000000001,12.0,29.0,2.0,7,0.0,30
2283.0,552547.27,121.51393054,37.43444072,45.67,15.45,0.018000000000000002,12.0,29.0,2.0,7,0.0,30
2283.0,552547.37,121.51393053,37.43444072,45.67,15.45,0.0216,12.0,29.0,2.0,7,0.0,30
2283.0,552547.47,121.51393053,37.4344407,45.67,15.44,0.0432,12.0,29.0,2.0,7,0.0,30
2283.0,552547.57,121.51393053,37.4344407,45.67,15.44,0.014400000000000001,12.0,29.0,2.0,7,0.0,30
2283.0,552547.67,121.51393054,37.43444069,45.67,15.45,0.018000000000000002,12.0,29.0,2.0,7,0.0,30
2283.0,552547.76,121.51393053,37.43444069,45.67,15.45,0.014400000000000001,12.0,29.0,2.0,7,0.0,30
2283.0,552547.87,121.51393054,37.43444069,45.67,15.45,0.007200000000000001,12.0,29.0,2.0,7,0.0,30
2283.0,552547.97,121.51393053,37.43444068,45.67,15.44,0.018000000000000002,12.0,29.0,2.0,7,0.0,30
2283.0,552548.07,121.51393053,37.43444067,45.67,15.44,0.0468,12.0,29.0,2.0,7,0.0,30
2283.0,552548.17,121.51393052,37.43444067,45.67,15.43,0.007200000000000001,12.0,29.0,2.0,7,0.0,30
2283.0,552548.26,121.51393052,37.43444066,45.67,15.43,0.0108,12.0,29.0,2.0,7,0.0,30
2283.0,552548.37,121.51393052,37.43444066,45.67,15.41,0.036000000000000004,12.0,29.0,2.0,7,0.1328125,30
2283.0,552548.47,121.51393054,37.4344407,45.67,15.4,0.23040000000000002,12.0,29.0,2.0,7,0.2265625,30
2283.0,552548.57,121.51393056,37.43444077,45.67,15.39,0.2124,12.0,29.0,2.0,7,0.265625,30
2283.0,552548.67,121.51393057,37.43444083,45.67,15.36,0.2772,12.0,29.0,2.0,7,0.3203125,30
2283.0,552548.77,121.51393059,37.43444089,45.67,15.33,0.28800000000000003,12.0,29.0,2.0,7,0.359375,30
2283.0,552548.87,121.51393062,37.43444096,45.67,15.31,0.2952,12.0,29.0,2.0,7,0.4140625,30
2283.0,552548.97,121.51393063,37.43444103,45.67,15.26,0.3024,12.0,29.0,2.0,7,0.4296875,30
2283.0,552549.07,121.51393065,37.4344411,45.67,15.24,0.342,12.0,29.0,2.0,7,0.5078125,30
2283.0,552549.17,121.51393068,37.43444119,45.67,15.24,0.4536,12.0,29.0,2.0,7,0.5859375,30
2283.0,552549.27,121.51393071,37.43444135,45.67,15.19,0.5364,12.0,28.0,2.0,7,0.640625,30
2283.0,552549.36,121.51393073,37.43444148,45.67,15.13,0.5616,12.0,28.0,2.0,7,0.8359375,30
2283.0,552549.47,121.51393078,37.43444166,45.67,15.07,0.7056,12.0,28.0,2.0,7,0.9296875,30
2283.0,552549.57,121.51393082,37.43444184,45.67,15.0,0.7452,12.0,28.0,2.0,7,0.984375,30
2283.0,552549.67,121.51393088,37.43444201,45.67,14.94,0.8208000000000001,12.0,28.0,2.0,7,1.1171875,30
2283.0,552549.77,121.51393093,37.43444223,45.67,14.84,0.9900000000000001,12.0,28.0,2.0,7,1.2734375,30
2283.0,552549.86,121.51393097,37.43444245,45.67,14.72,1.062,12.0,28.0,2.0,7,1.515625,30
2283.0,552549.97,121.51393107,37.43444274,45.67,14.61,1.0872,12.0,28.0,2.0,7,1.78125,30
2283.0,552550.07,121.51393117,37.43444305,45.67,14.49,1.314,12.0,28.0,2.0,7,1.9375,30
2283.0,552550.17,121.51393124,37.43444341,45.67,14.32,1.62,12.0,28.0,2.0,7,2.3515625,30
2283.0,552550.27,121.5139313,37.43444382,45.67,14.15,2.0052000000000003,12.0,27.0,2.0,7,2.75,30
2283.0,552550.36,121.51393142,37.43444429,45.67,13.99,2.1888,12.0,27.0,2.0,7,3.1171875,30
2283.0,552550.47,121.51393174,37.43444498,45.68,13.71,2.646,12.0,28.0,2.0,7,3.4921875,30
2283.0,552550.57,121.51393189,37.43444563,45.68,13.36,2.9124000000000003,12.0,28.0,2.0,7,3.78125,30
2283.0,552550.67,121.51393211,37.43444641,45.68,13.08,3.3120000000000003,12.0,29.0,2.0,7,3.9296875,30
2283.0,552550.77,121.51393237,37.43444726,45.68,12.75,3.7188,12.0,29.0,2.0,7,4.1953125,30
2283.0,552550.87,121.5139326,37.43444819,45.68,12.24,3.9816000000000003,12.0,28.0,2.0,7,4.390625,30
2283.0,552550.97,121.51393281,37.43444914,45.68,11.76,3.5172,12.0,28.0,2.0,7,4.140625,30
2283.0,552551.07,121.51393296,37.43445006,45.68,11.42,3.51,12.0,28.0,2.0,7,4.2578125,30
2283.0,552551.17,121.51393316,37.43445103,45.68,11.0,3.8232000000000004,12.0,28.0,2.0,7,4.3125,30
2283.0,552551.27,121.51393356,37.43445242,45.68,10.53,4.460400000000001,12.0,28.0,2.0,7,4.4453125,30
2283.0,552551.37,121.51393369,37.4344534,45.68,9.88,4.395600000000001,12.0,28.0,2.0,7,4.4296875,30
2283.0,552551.47,121.51393374,37.43445426,45.68,9.41,4.0032000000000005,12.0,28.0,2.0,7,4.1953125,30
2283.0,552551.57,121.51393392,37.43445527,45.68,9.07,3.6683999999999997,12.0,28.0,2.0,7,4.234375,30
2283.0,552551.67,121.51393412,37.43445624,45.68,8.8,3.8160000000000003,12.0,27.0,2.0,7,4.328125,30
2283.0,552551.77,121.51393425,37.43445723,45.69,8.42,4.179600000000001,12.0,27.0,2.0,7,4.4296875,30
2283.0,552551.87,121.51393435,37.4344582,45.69,8.06,4.032000000000001,12.0,27.0,2.0,7,4.1015625,30
2283.0,552551.97,121.51393449,37.43445921,45.69,7.79,4.010400000000001,12.0,27.0,2.0,7,4.1953125,30
2283.0,552552.07,121.51393457,37.43446019,45.69,7.63,3.8232000000000004,12.0,27.0,2.0,7,4.2578125,30
2283.0,552552.17,121.5139347,37.43446118,45.69,7.43,3.9888000000000003,12.0,27.0,2.0,7,4.390625,30
2283.0,552552.27,121.51393482,37.43446226,45.69,7.15,4.0392,12.0,29.0,2.0,7,4.0625,30
2283.0,552552.37,121.51393494,37.43446325,45.69,6.91,3.9852,12.0,29.0,2.0,7,4.1796875,30
2283.0,552552.47,121.51393508,37.43446425,45.69,6.74,3.942,12.0,29.0,2.0,7,4.2734375,30
2283.0,552552.57,121.5139352,37.43446525,45.69,6.58,4.1004000000000005,12.0,29.0,2.0,7,4.0625,30
2283.0,552552.67,121.51393539,37.43446627,45.69,6.45,4.1724000000000006,12.0,27.0,2.0,7,4.1015625,30
2283.0,552552.76,121.51393548,37.43446717,45.69,6.36,3.9744000000000006,12.0,27.0,2.0,7,4.15625,30
2283.0,552552.87,121.51393557,37.43446825,45.69,6.3,4.024800000000001,12.0,26.0,2.0,7,4.328125,30
2283.0,552552.97,121.51393569,37.43446927,45.69,6.28,4.010400000000001,12.0,26.0,2.0,7,4.0234375,30
2283.0,552553.07,121.51393577,37.43447026,45.69,6.2,4.0752,12.0,26.0,2.0,7,4.140625,30
2283.0,552553.16,121.51393588,37.43447115,45.69,6.15,3.7836,12.0,26.0,2.0,7,4.2578125,30
2283.0,552553.27,121.51393603,37.4344722,45.69,6.14,3.7800000000000002,12.0,27.0,2.0,7,3.953125,30
2283.0,552553.37,121.51393617,37.43447312,45.69,6.08,3.672,12.0,27.0,2.0,7,4.046875,30
2283.0,552553.47,121.51393626,37.43447403,45.7,5.98,3.7043999999999997,12.0,27.0,2.0,7,4.21875,30
2283.0,552553.57,121.5139364,37.43447494,45.7,5.96,3.798,12.0,27.0,2.0,7,3.953125,30
2283.0,552553.66,121.51393656,37.43447576,45.7,6.02,3.8160000000000003,12.0,27.0,2.0,7,4.0625,30
2283.0,552553.77,121.51393673,37.43447682,45.7,6.13,3.9816000000000003,12.0,27.0,2.0,7,4.15625,30
2283.0,552553.87,121.51393686,37.43447782,45.71,6.22,3.9816000000000003,12.0,27.0,2.0,7,3.9921875,30
2283.0,552553.97,121.51393702,37.4344788,45.71,6.33,3.9528000000000003,12.0,27.0,2.0,7,4.140625,30
2283.0,552554.07,121.51393716,37.43447982,45.71,6.43,4.0068,12.0,27.0,2.0,7,4.125,30
2283.0,552554.17,121.51393727,37.43448079,45.71,6.45,4.104,12.0,27.0,2.0,7,4.0859375,30
2283.0,552554.27,121.51393732,37.43448156,45.71,6.48,3.9528000000000003,12.0,28.0,2.0,7,4.15625,30
2283.0,552554.37,121.51393741,37.43448252,45.71,6.54,3.9204,12.0,28.0,2.0,7,4.1953125,30
2283.0,552554.47,121.51393747,37.43448334,45.71,6.68,3.7763999999999998,12.0,27.0,2.0,7,4.0625,30
2283.0,552554.57,121.51393761,37.43448433,45.71,6.82,3.834,12.0,27.0,2.0,7,4.140625,30
2283.0,552554.67,121.51393775,37.43448539,45.72,6.97,3.9456,12.0,27.0,2.0,7,4.2890625,30
2283.0,552554.76,121.51393786,37.43448629,45.72,7.02,4.0716,12.0,27.0,2.0,7,4.0859375,30
2283.0,552554.87,121.51393808,37.43448741,45.72,7.11,3.9492,12.0,27.0,2.0,7,4.1796875,30
2283.0,552554.97,121.51393825,37.4344884,45.72,7.17,3.8592000000000004,12.0,27.0,2.0,7,4.2890625,30
2283.0,552555.07,121.51393846,37.43448938,45.72,7.25,3.9708,12.0,26.0,2.0,7,3.96875,30
2283.0,552555.17,121.51393861,37.43449034,45.72,7.3,3.9960000000000004,12.0,26.0,2.0,7,4.0859375,30
2283.0,552555.27,121.5139388,37.43449146,45.73,7.44,4.1112,12.0,29.0,2.0,7,4.2578125,30
2283.0,552555.36,121.51393893,37.43449233,45.73,7.51,4.086,12.0,29.0,2.0,7,3.9921875,30
2283.0,552555.47,121.51393907,37.43449341,45.73,7.68,4.1112,12.0,26.0,2.0,7,4.0625,30
2283.0,552555.57,121.51393921,37.4344944,45.73,7.88,3.8988,12.0,26.0,2.0,7,4.1015625,30
2283.0,552555.67,121.51393937,37.43449541,45.73,8.01,3.8808000000000002,12.0,26.0,2.0,7,3.953125,30
2283.0,552555.77,121.5139395,37.43449637,45.74,8.05,3.8376,12.0,26.0,2.0,7,4.125,30
2283.0,552555.86,121.5139397,37.4344973,45.74,8.1,4.0068,12.0,26.0,2.0,7,3.875,30
2283.0,552555.97,121.51394002,37.43449836,45.75,8.12,3.9852,12.0,26.0,2.0,7,4.0234375,30
2283.0,552556.07,121.51394026,37.43449928,45.75,8.07,3.9492,12.0,26.0,2.0,7,4.2578125,30
2283.0,552556.17,121.51394053,37.43450025,45.75,8.15,3.69,12.0,26.0,2.0,7,3.9296875,30
2283.0,552556.27,121.51394062,37.43450103,45.75,8.32,3.6216,12.0,28.0,2.0,7,4.1015625,30
2283.0,552556.37,121.51394084,37.43450205,45.75,8.58,3.9168000000000003,12.0,28.0,2.0,7,4.2734375,30
2283.0,552556.47,121.5139412,37.43450347,45.75,8.69,4.4208,12.0,28.0,2.0,7,3.96875,30
2283.0,552556.57,121.51394134,37.43450446,45.76,8.71,4.5036,12.0,28.0,2.0,7,4.1015625,30
2283.0,552556.67,121.51394144,37.4345053,45.76,8.7,4.0716,12.0,28.0,2.0,7,4.2890625,30
2283.0,552556.77,121.51394169,37.4345063,45.76,8.91,3.8628,12.0,28.0,2.0,7,3.9921875,30
2283.0,552556.87,121.51394192,37.4345073,45.76,9.07,4.05,12.0,28.0,2.0,7,4.1015625,30
2283.0,552556.96,121.51394207,37.4345082,45.76,9.08,4.2588,12.0,28.0,2.0,7,4.21875,30
2283.0,552557.07,121.51394226,37.43450928,45.76,9.21,4.0356000000000005,12.0,28.0,2.0,7,4.2734375,30
2283.0,552557.17,121.51394241,37.4345103,45.76,9.38,3.8051999999999997,12.0,28.0,2.0,7,4.0625,30
2283.0,552557.27,121.51394244,37.43451148,45.76,9.57,3.9924,12.0,29.0,2.0,7,4.1015625,30
2283.0,552557.37,121.5139426,37.43451251,45.76,9.73,4.1975999999999996,12.0,29.0,2.0,7,4.234375,30
2283.0,552557.46,121.51394289,37.43451369,45.76,9.72,4.3272,12.0,29.0,2.0,7,4.0078125,30
2283.0,552557.57,121.51394311,37.43451477,45.76,9.65,4.2084,12.0,29.0,2.0,7,4.125,30
2283.0,552557.67,121.51394325,37.43451559,45.77,9.58,3.9096,12.0,29.0,2.0,7,4.2578125,30
2283.0,552557.77,121.51394349,37.43451657,45.77,9.57,3.7116,12.0,29.0,2.0,7,3.9921875,30
2283.0,552557.87,121.51394369,37.43451748,45.77,9.67,3.8448,12.0,29.0,2.0,7,4.140625,30
2283.0,552557.97,121.51394385,37.43451845,45.77,9.64,4.05,12.0,29.0,2.0,7,4.2734375,30
2283.0,552558.07,121.51394399,37.43451954,45.77,9.59,4.1436,12.0,29.0,2.0,7,4.046875,30
2283.0,552558.17,121.5139441,37.43452053,45.77,9.51,3.9600000000000004,12.0,29.0,2.0,7,4.125,30
2283.0,552558.27,121.51394426,37.43452156,45.77,9.52,3.9168000000000003,12.0,29.0,2.0,7,4.2734375,30
2283.0,552558.37,121.51394443,37.43452254,45.77,9.47,3.8592000000000004,12.0,29.0,2.0,7,4.046875,30
2283.0,552558.46,121.51394475,37.43452368,45.77,9.41,4.1688,12.0,28.0,2.0,7,4.140625,30
2283.0,552558.57,121.51394497,37.43452476,45.77,9.3,4.1616,12.0,28.0,2.0,7,4.2890625,30
2283.0,552558.67,121.51394516,37.43452546,45.77,9.26,3.8844,12.0,28.0,2.0,7,3.9921875,30
2283.0,552558.77,121.51394536,37.43452644,45.77,9.28,3.9636,12.0,28.0,2.0,7,4.140625,30
2283.0,552558.87,121.51394557,37.43452743,45.77,9.27,3.9996,12.0,28.0,2.0,7,4.2734375,30
2283.0,552558.97,121.51394574,37.4345284,45.77,9.23,4.0716,12.0,28.0,2.0,7,3.953125,30
2283.0,552559.07,121.51394589,37.43452921,45.77,9.19,3.8268,12.0,27.0,2.0,7,4.125,30
2283.0,552559.17,121.51394614,37.4345302,45.77,9.29,3.9096,12.0,27.0,2.0,7,4.2890625,30
2283.0,552559.27,121.51394642,37.43453134,45.77,9.34,3.9636,12.0,28.0,2.0,7,3.96875,30
2283.0,552559.37,121.51394669,37.43453231,45.78,9.4,4.1004000000000005,12.0,28.0,2.0,7,4.0859375,30
2283.0,552559.47,121.51394685,37.43453349,45.77,9.42,4.0607999999999995,12.0,28.0,2.0,7,4.2890625,30
2283.0,552559.57,121.51394711,37.43453448,45.78,9.57,3.8664000000000005,12.0,28.0,2.0,7,3.953125,30
2283.0,552559.67,121.51394739,37.4345354,45.77,9.74,3.9600000000000004,12.0,28.0,2.0,7,4.1015625,30
2283.0,552559.77,121.51394761,37.4345364,45.78,9.85,4.122,12.0,28.0,2.0,7,4.1953125,30
2283.0,552559.87,121.51394792,37.43453768,45.78,9.92,4.179600000000001,12.0,28.0,2.0,7,3.9921875,30
2283.0,552559.97,121.51394814,37.43453866,45.78,9.95,4.1112,12.0,28.0,2.0,7,4.0859375,30
2283.0,552560.07,121.51394835,37.43453959,45.78,10.09,4.053599999999999,12.0,28.0,2.0,7,4.1796875,30
2283.0,552560.17,121.5139486,37.43454057,45.78,10.19,4.1112,12.0,28.0,2.0,7,4.15625,30
2283.0,552560.27,121.51394894,37.43454166,45.78,10.32,4.0968,12.0,31.0,2.0,7,4.046875,30
2283.0,552560.37,121.51394918,37.43454264,45.78,10.4,4.1364,12.0,31.0,2.0,7,4.15625,30
2283.0,552560.47,121.51394933,37.4345434,45.78,10.5,3.9636,12.0,31.0,2.0,7,4.234375,30
2283.0,552560.57,121.51394954,37.4345444,45.78,10.6,3.9708,12.0,31.0,2.0,7,4.046875,30
2283.0,552560.67,121.5139497,37.43454514,45.78,10.76,3.8160000000000003,12.0,31.0,2.0,7,4.140625,30
2283.0,552560.77,121.51394991,37.43454614,45.78,10.9,3.8988,12.0,31.0,2.0,7,3.953125,30
2283.0,552560.87,121.51395017,37.43454715,45.78,11.06,3.8952000000000004,12.0,31.0,2.0,7,4.046875,30
2283.0,552560.97,121.51395041,37.43454812,45.78,11.18,3.9816000000000003,12.0,31.0,2.0,7,4.140625,30
2283.0,552561.07,121.51395067,37.43454928,45.78,11.33,3.978,12.0,31.0,2.0,7,3.953125,30
2283.0,552561.17,121.51395094,37.43455026,45.78,11.51,4.158,12.0,31.0,2.0,7,4.046875,30
2283.0,552561.27,121.51395145,37.43455204,45.78,11.66,4.248,12.0,31.0,2.0,7,4.140625,30
2283.0,552561.37,121.5139517,37.43455304,45.78,11.8,4.1364,12.0,31.0,2.0,7,4.0234375,30
2283.0,552561.47,121.5139519,37.43455374,45.78,11.97,3.9240000000000004,12.0,31.0,2.0,7,4.0625,30
2283.0,552561.57,121.51395216,37.43455474,45.78,12.19,3.9528000000000003,12.0,31.0,2.0,7,4.15625,30
2283.0,552561.67,121.51395258,37.43455584,45.78,12.35,4.1364,12.0,31.0,2.0,7,4.0859375,30
2283.0,552561.77,121.51395286,37.43455683,45.78,12.49,4.014,12.0,31.0,2.0,7,4.0625,30
2283.0,552561.87,121.51395319,37.43455772,45.78,12.66,4.1616,12.0,31.0,2.0,7,4.15625,30
2283.0,552561.97,121.51395353,37.43455869,45.78,12.83,4.024800000000001,12.0,31.0,2.0,7,4.2890625,30
2283.0,552562.07,121.51395394,37.43455998,45.78,13.01,4.244400000000001,12.0,31.0,2.0,7,4.0859375,30
2283.0,552562.17,121.51395425,37.43456095,45.79,13.16,4.1364,12.0,31.0,2.0,7,4.15625,30
2283.0,552562.27,121.51395455,37.43456204,45.79,13.33,4.1255999999999995,12.0,31.0,2.0,7,4.2734375,30
2283.0,552562.36,121.51395483,37.43456289,45.79,13.47,3.8880000000000003,12.0,31.0,2.0,7,3.9921875,30
2283.0,552562.47,121.51395517,37.43456349,45.79,13.63,3.8880000000000003,12.0,31.0,2.0,7,4.125,30
2283.0,552562.57,121.5139555,37.43456446,45.79,13.77,3.9924,12.0,31.0,2.0,7,4.2734375,30
2283.0,552562.67,121.51395574,37.43456501,45.79,13.92,3.8520000000000003,12.0,31.0,2.0,7,3.9921875,30
2283.0,552562.77,121.51395608,37.43456598,45.79,14.12,3.8916,12.0,31.0,2.0,7,4.140625,30
2283.0,552562.87,121.51395641,37.43456691,45.79,14.34,3.9240000000000004,12.0,30.0,2.0,7,4.2734375,30
2283.0,552562.97,121.51395674,37.43456789,45.79,14.54,4.068,12.0,30.0,2.0,7,3.96875,30
2283.0,552563.07,121.51395712,37.43456922,45.79,14.67,4.0788,12.0,30.0,2.0,7,4.140625,30
2283.0,552563.17,121.51395746,37.43457019,45.79,14.83,4.1255999999999995,12.0,30.0,2.0,7,4.2734375,30
2283.0,552563.27,121.5139578,37.43457145,45.79,14.94,3.9528000000000003,12.0,30.0,2.0,7,3.96875,30
2283.0,552563.37,121.51395818,37.4345724,45.79,15.15,4.0032000000000005,12.0,30.0,2.0,7,4.1015625,30
2283.0,552563.47,121.5139586,37.43457339,45.8,15.26,3.9852,12.0,30.0,2.0,7,4.2578125,30
2283.0,552563.57,121.51395898,37.43457432,45.8,15.44,4.0824,12.0,30.0,2.0,7,3.9296875,30
2283.0,552563.67,121.51395933,37.43457513,45.8,15.56,3.9204,12.0,30.0,2.0,7,4.1015625,30
2283.0,552563.77,121.51395972,37.43457606,45.8,15.77,3.9852,12.0,30.0,2.0,7,4.21875,30
2283.0,552563.87,121.5139599,37.43457688,45.8,15.91,3.942,12.0,30.0,2.0,7,3.9296875,30
2283.0,552563.97,121.51396026,37.43457785,45.8,16.08,4.0716,12.0,30.0,2.0,7,4.125,30
2283.0,552564.07,121.51396062,37.43457931,45.8,16.2,3.9708,12.0,29.0,2.0,7,4.234375,30
2283.0,552564.17,121.51396098,37.43458026,45.8,16.32,3.9744000000000006,12.0,29.0,2.0,7,4.0078125,30
2283.0,552564.27,121.5139614,37.43458114,45.81,16.45,3.8916,12.0,30.0,2.0,7,4.0859375,30
2283.0,552564.37,121.51396177,37.43458209,45.81,16.56,3.9132,12.0,30.0,2.0,7,4.1953125,30
2283.0,552564.47,121.51396211,37.4345826,45.81,16.73,3.8628,12.0,30.0,2.0,7,3.96875,30
2283.0,552564.57,121.51396247,37.43458356,45.81,16.87,3.9132,12.0,30.0,2.0,7,4.0859375,30
2283.0,552564.67,121.5139628,37.43458416,45.82,17.04,3.8411999999999997,12.0,30.0,2.0,7,4.2578125,30
2283.0,552564.77,121.51396316,37.43458512,45.81,17.2,3.8376,12.0,30.0,2.0,7,3.9921875,30
2283.0,552564.87,121.51396357,37.43458618,45.82,17.38,3.8952000000000004,12.0,30.0,2.0,7,4.125,30
2283.0,552564.97,121.51396395,37.43458713,45.82,17.54,3.8880000000000003,12.0,30.0,2.0,7,4.2734375,30
2283.0,552565.07,121.51396443,37.43458848,45.82,17.73,4.068,12.0,30.0,2.0,7,3.96875,30
2283.0,552565.17,121.51396481,37.43458944,45.82,17.87,4.1148,12.0,30.0,2.0,7,4.140625,30
2283.0,552565.27,121.51396551,37.4345911,45.82,18.0,4.2696,12.0,31.0,2.0,7,4.2890625,30
2283.0,552565.37,121.51396591,37.43459207,45.82,18.13,3.9960000000000004,12.0,31.0,2.0,7,4.0234375,30
2283.0,552565.47,121.5139664,37.43459288,45.83,18.29,4.0932,12.0,31.0,2.0,7,4.140625,30
2283.0,552565.57,121.51396685,37.43459381,45.83,18.45,3.9168000000000003,12.0,31.0,2.0,7,4.2890625,30
2283.0,552565.67,121.5139674,37.43459465,45.83,18.62,4.068,12.0,31.0,2.0,7,3.96875,30
2283.0,552565.77,121.51396784,37.43459557,45.83,18.78,3.9744000000000006,12.0,31.0,2.0,7,4.0859375,30
2283.0,552565.87,121.51396829,37.43459655,45.83,18.98,4.118399999999999,12.0,31.0,2.0,7,4.2578125,30
2283.0,552565.97,121.51396872,37.4345975,45.83,19.18,4.1292,12.0,31.0,2.0,7,3.96875,30
2283.0,552566.07,121.51396918,37.43459845,45.83,19.37,4.0607999999999995,12.0,31.0,2.0,7,4.140625,30
2283.0,552566.17,121.51396961,37.43459938,45.83,19.53,4.0752,12.0,31.0,2.0,7,4.2734375,30
2283.0,552566.27,121.51396998,37.43460005,45.83,19.69,3.9024000000000005,12.0,31.0,2.0,7,3.96875,30
2283.0,552566.36,121.51397041,37.43460088,45.83,19.86,4.014,12.0,31.0,2.0,7,4.140625,30
2283.0,552566.47,121.51397095,37.43460165,45.83,19.99,3.9888000000000003,12.0,31.0,2.0,7,4.234375,30
2283.0,552566.57,121.51397142,37.43460258,45.83,20.14,4.1688,12.0,31.0,2.0,7,3.96875,30
2283.0,552566.67,121.51397181,37.43460325,45.83,20.27,4.0284,12.0,29.0,2.0,7,4.125,30
2283.0,552566.77,121.5139723,37.43460419,45.83,20.48,4.0932,12.0,29.0,2.0,7,4.1953125,30
2283.0,552566.87,121.51397274,37.43460512,45.84,20.63,3.9384000000000006,12.0,29.0,2.0,7,3.96875,30
2283.0,552566.97,121.5139732,37.43460607,45.83,20.83,3.9096,12.0,29.0,2.0,7,4.1015625,30
2283.0,552567.07,121.51397369,37.43460722,45.83,20.99,3.9168000000000003,12.0,29.0,2.0,7,4.15625,30
2283.0,552567.17,121.51397416,37.43460817,45.83,21.17,4.0068,12.0,29.0,2.0,7,4.0078125,30
2283.0,552567.27,121.51397494,37.43460992,45.83,21.25,4.1508,12.0,29.0,2.0,7,4.1015625,30
2283.0,552567.37,121.51397543,37.43461087,45.83,21.38,4.2048,12.0,29.0,2.0,7,4.1953125,30
2283.0,552567.47,121.51397601,37.43461179,45.83,21.48,4.1868,12.0,29.0,2.0,7,4.125,30
2283.0,552567.57,121.51397654,37.43461274,45.83,21.68,4.158,12.0,29.0,2.0,7,4.0859375,30
2283.0,552567.67,121.51397705,37.43461368,45.83,21.8,4.2336,12.0,29.0,2.0,7,4.1796875,30
2283.0,552567.77,121.51397756,37.43461463,45.83,22.0,4.1688,12.0,29.0,2.0,7,4.1953125,30
2283.0,552567.87,121.51397805,37.43461561,45.82,22.15,4.122,12.0,29.0,2.0,7,4.0625,30
2283.0,552567.97,121.51397854,37.43461655,45.82,22.31,3.9708,12.0,29.0,2.0,7,4.1796875,30
2283.0,552568.07,121.51397904,37.43461746,45.82,22.48,4.0572,12.0,29.0,2.0,7,4.1015625,30
2283.0,552568.17,121.51397953,37.4346184,45.82,22.55,4.0356000000000005,12.0,29.0,2.0,7,4.046875,30
2283.0,552568.27,121.51397978,37.43461903,45.82,22.72,3.978,12.0,30.0,2.0,7,4.140625,30
2283.0,552568.37,121.51398028,37.43461997,45.82,22.85,4.14,12.0,30.0,2.0,7,4.0078125,30
2283.0,552568.47,121.51398077,37.434621,45.81,23.07,4.1364,12.0,30.0,2.0,7,4.0625,30
2283.0,552568.57,121.51398126,37.43462195,45.81,23.22,4.244400000000001,12.0,30.0,2.0,7,4.15625,30
2283.0,552568.67,121.51398168,37.43462286,45.81,23.49,4.0428,12.0,30.0,2.0,7,4.2890625,30
2283.0,552568.77,121.51398221,37.43462378,45.81,23.75,3.9924,12.0,30.0,2.0,7,4.1015625,30
2283.0,552568.87,121.51398284,37.43462461,45.81,24.03,3.9528000000000003,12.0,30.0,2.0,7,4.140625,30
2283.0,552568.97,121.51398339,37.43462553,45.81,24.25,3.798,12.0,30.0,2.0,7,4.2890625,30
2283.0,552569.07,121.5139839,37.43462628,45.81,24.58,3.9096,12.0,30.0,2.0,7,3.953125,30
2283.0,552569.17,121.51398445,37.43462718,45.81,24.85,4.1112,12.0,30.0,2.0,7,4.15625,30
2283.0,552569.27,121.51398517,37.43462889,45.81,25.09,4.284,12.0,30.0,2.0,7,4.2734375,30
2283.0,552569.37,121.51398573,37.43462981,45.8,25.33,4.3020000000000005,12.0,30.0,2.0,7,4.046875,30
2283.0,552569.47,121.5139863,37.43463069,45.8,25.55,4.1652000000000005,12.0,30.0,2.0,7,4.15625,30
2283.0,552569.57,121.51398687,37.4346316,45.8,25.76,4.179600000000001,12.0,30.0,2.0,7,4.2734375,30
2283.0,552569.66,121.51398744,37.43463222,45.8,25.88,3.9600000000000004,12.0,30.0,2.0,7,4.0078125,30
2283.0,552569.77,121.51398808,37.43463322,45.8,26.07,4.1112,12.0,30.0,2.0,7,4.15625,30
2283.0,552569.87,121.51398864,37.43463382,45.8,26.22,3.9204,12.0,30.0,2.0,7,4.3125,30
2283.0,552569.97,121.51398924,37.43463471,45.8,26.43,4.0788,12.0,30.0,2.0,7,3.9921875,30
2283.0,552570.07,121.51398984,37.43463567,45.8,26.55,3.9636,12.0,30.0,2.0,7,4.125,30
2283.0,552570.17,121.51399042,37.43463655,45.79,26.73,3.9636,12.0,30.0,2.0,7,4.1796875,30
2283.0,552570.27,121.51399107,37.43463762,45.79,26.8,3.9096,12.0,30.0,2.0,7,3.953125,30
2283.0,552570.37,121.51399162,37.43463851,45.79,26.87,3.9636,12.0,30.0,2.0,7,4.0625,30
2283.0,552570.47,121.51399214,37.43463952,45.79,26.85,4.0068,12.0,30.0,2.0,7,4.1953125,30
2283.0,552570.57,121.51399269,37.4346404,45.79,26.87,3.8124,12.0,30.0,2.0,7,4.140625,30
2283.0,552570.67,121.51399319,37.43464118,45.79,26.91,3.8016,12.0,30.0,2.0,7,4.0625,30
2283.0,552570.77,121.51399378,37.43464204,45.79,26.98,3.87,12.0,30.0,2.0,7,4.1796875,30
2283.0,552570.87,121.51399458,37.43464327,45.79,26.98,4.176,12.0,30.0,2.0,7,4.125,30
2283.0,552570.97,121.51399513,37.43464413,45.79,26.89,3.942,12.0,30.0,2.0,7,4.0625,30
2283.0,552571.07,121.51399556,37.43464491,45.79,26.85,3.7584000000000004,12.0,30.0,2.0,7,4.1796875,30
2283.0,552571.17,121.51399612,37.43464578,45.79,26.84,3.7512000000000003,12.0,30.0,2.0,7,3.953125,30
2283.0,552571.26,121.51399698,37.43464723,45.79,26.74,4.053599999999999,12.0,31.0,2.0,7,4.0625,30
2283.0,552571.37,121.51399753,37.4346482,45.79,26.57,3.9996,12.0,31.0,2.0,7,4.15625,30
2283.0,552571.47,121.51399802,37.43464902,45.79,26.4,3.9132,12.0,31.0,2.0,7,3.96875,30
2283.0,552571.57,121.51399852,37.43464991,45.79,26.21,3.8304000000000005,12.0,31.0,2.0,7,4.0625,30
2283.0,552571.67,121.51399895,37.43465059,45.78,26.02,3.744,12.0,31.0,2.0,7,4.1953125,30
2283.0,552571.77,121.51399942,37.43465147,45.78,25.75,3.7224000000000004,12.0,31.0,2.0,7,3.9921875,30
2283.0,552571.87,121.51399965,37.43465172,45.78,25.55,3.6144000000000003,12.0,31.0,2.0,7,4.0859375,30
2283.0,552571.97,121.51400011,37.43465257,45.78,25.19,3.7691999999999997,12.0,31.0,2.0,7,4.1953125,30
2283.0,552572.07,121.51400076,37.43465367,45.79,24.8,3.7476,12.0,31.0,2.0,7,4.140625,30
2283.0,552572.17,121.51400124,37.43465451,45.79,24.39,3.7908,12.0,31.0,2.0,7,4.0859375,30
2283.0,552572.27,121.51400175,37.43465528,45.8,24.02,3.7188,12.0,31.0,2.0,7,4.125,30
2283.0,552572.37,121.51400221,37.43465612,45.8,23.65,3.6611999999999996,12.0,31.0,2.0,7,3.953125,30
2283.0,552572.47,121.51400274,37.43465693,45.8,23.25,3.8016,12.0,31.0,2.0,7,4.046875,30
2283.0,552572.57,121.51400313,37.43465781,45.8,22.85,3.7008,12.0,31.0,2.0,7,4.234375,30
2283.0,552572.67,121.51400341,37.43465854,45.8,22.39,3.546,12.0,31.0,2.0,7,3.9296875,30
2283.0,552572.77,121.51400381,37.43465943,45.8,22.02,3.5136,12.0,31.0,2.0,7,4.125,30
2283.0,552572.87,121.5140043,37.43466042,45.8,21.57,3.5892,12.0,31.0,2.0,7,4.234375,30
2283.0,552572.97,121.51400472,37.43466129,45.8,21.09,3.8484,12.0,31.0,2.0,7,3.953125,30
2283.0,552573.07,121.51400529,37.43466233,45.8,20.46,3.8916,12.0,31.0,2.0,7,4.125,30
2283.0,552573.17,121.51400568,37.43466318,45.81,19.87,3.9744000000000006,12.0,31.0,2.0,7,4.234375,30
2283.0,552573.27,121.51400411,37.43466118,45.79,19.28,3.2616,12.0,31.0,2.0,7,4.0078125,30
2283.0,552573.37,121.51400443,37.43466201,45.79,18.87,3.3012,12.0,31.0,2.0,7,4.1015625,30
2283.0,552573.47,121.51400462,37.43466307,45.79,18.45,3.3156000000000003,12.0,31.0,2.0,7,4.21875,30
2283.0,552573.57,121.51400485,37.43466391,45.79,17.97,3.3480000000000003,12.0,31.0,2.0,7,3.96875,30
2283.0,552573.67,121.51400528,37.43466499,45.79,17.48,3.4739999999999998,12.0,31.0,2.0,7,4.125,30
2283.0,552573.77,121.5140055,37.43466583,45.79,16.96,3.5964,12.0,31.0,2.0,7,4.2578125,30
2283.0,552573.87,121.51400587,37.4346668,45.79,16.45,3.6683999999999997,12.0,31.0,2.0,7,3.96875,30
2283.0,552573.97,121.51400612,37.43466764,45.79,15.89,3.5964,12.0,31.0,2.0,7,4.140625,30
2283.0,552574.07,121.51400623,37.43466831,45.79,15.41,3.1752000000000002,12.0,31.0,2.0,7,4.234375,30
2283.0,552574.17,121.51400655,37.43466918,45.79,15.06,3.1788000000000003,12.0,31.0,2.0,7,3.96875,30
2283.0,552574.27,121.51400683,37.43467029,45.79,14.7,3.2184,12.0,31.0,2.0,7,4.1015625,30
2283.0,552574.37,121.51400707,37.43467118,45.79,14.34,3.5748,12.0,31.0,2.0,7,4.2578125,30
2283.0,552574.47,121.5140081,37.43467371,45.79,13.86,3.8051999999999997,12.0,31.0,2.0,7,3.9296875,30
2283.0,552574.57,121.51400826,37.43467461,45.79,13.34,3.8736,12.0,31.0,2.0,7,4.125,30
2283.0,552574.67,121.51400805,37.43467557,45.79,12.71,3.5136,12.0,31.0,2.0,7,4.2734375,30
2283.0,552574.77,121.51400819,37.43467645,45.78,12.1,3.4488,12.0,31.0,2.0,7,4.0234375,30
2283.0,552574.87,121.51400831,37.4346772,45.78,11.45,3.3228000000000004,12.0,31.0,2.0,7,4.125,30
2283.0,552574.97,121.51400843,37.43467807,45.78,10.78,3.3264,12.0,31.0,2.0,7,4.2578125,30
2283.0,552575.07,121.51400849,37.43467894,45.78,10.18,3.3876,12.0,31.0,2.0,7,4.0625,30
2283.0,552575.17,121.51400857,37.43467982,45.78,9.52,3.636,12.0,31.0,2.0,7,4.125,30
2283.0,552575.27,121.51400902,37.43468142,45.78,8.76,3.8016,12.0,31.0,2.0,7,4.0078125,30
2283.0,552575.37,121.514009,37.43468228,45.79,7.85,3.654,12.0,31.0,2.0,7,4.0078125,30
2283.0,552575.47,121.5140088,37.43468273,45.79,6.94,3.1644,12.0,31.0,2.0,7,4.125,30
2283.0,552575.57,121.51400886,37.43468365,45.79,6.17,3.0564,12.0,31.0,2.0,7,3.9921875,30
2283.0,552575.67,121.51400903,37.43468484,45.79,5.36,3.2292,12.0,31.0,2.0,7,4.0859375,30
2283.0,552575.77,121.51400906,37.43468576,45.79,4.49,3.6828,12.0,31.0,2.0,7,4.1953125,30
2283.0,552575.87,121.51400923,37.43468684,45.79,3.44,3.9528000000000003,12.0,31.0,2.0,7,3.9296875,30
2283.0,552575.97,121.5140091,37.43468768,45.79,2.32,3.7763999999999998,12.0,31.0,2.0,7,4.0234375,30
2283.0,552576.07,121.51400865,37.43468821,45.79,1.26,2.9556,12.0,31.0,2.0,7,4.140625,30
2283.0,552576.17,121.5140086,37.43468916,45.79,0.41,3.0096,12.0,31.0,2.0,7,3.9140625,30
2283.0,552576.27,121.51400929,37.43469139,45.78,359.5,3.3012,12.0,31.0,2.0,7,4.0859375,30
2283.0,552576.38,121.5140091,37.43469233,45.79,358.23,3.7224000000000004,12.0,31.0,2.0,7,4.1796875,30
2283.0,552576.47,121.51401023,37.43469388,45.82,356.92,4.1975999999999996,12.0,31.0,2.0,7,3.890625,30
2283.0,552576.57,121.51401004,37.43469478,45.82,355.51,3.3048,12.0,31.0,2.0,7,4.1015625,30
2283.0,552576.67,121.51400919,37.43469498,45.82,354.3,2.8332,12.0,31.0,2.0,7,4.234375,30
2283.0,552576.77,121.51400907,37.43469598,45.82,353.3,3.204,12.0,31.0,2.0,7,3.9921875,30
2283.0,552576.86,121.51400944,37.4346973,45.83,351.79,4.3056,12.0,31.0,2.0,7,4.140625,30
2283.0,552576.97,121.51400905,37.43469817,45.84,350.0,3.9312000000000005,12.0,31.0,2.0,7,4.046875,30
2283.0,552577.07,121.51400689,37.43469727,45.83,348.4,2.7648,12.0,31.0,2.0,7,4.046875,30
2283.0,552577.17,121.51400657,37.43469809,45.83,347.25,3.024,12.0,31.0,2.0,7,4.1015625,30
2283.0,552577.27,121.51400894,37.43470211,45.86,345.83,3.9528000000000003,12.0,31.0,2.0,7,3.8203125,30
2283.0,552577.37,121.51400848,37.43470289,45.86,344.04,3.8016,12.0,31.0,2.0,7,4.046875,30
2283.0,552577.47,121.51400764,37.43470334,45.85,342.41,3.204,12.0,31.0,2.0,7,4.1953125,30
2283.0,552577.57,121.51400718,37.43470415,45.85,340.97,3.5064,12.0,31.0,2.0,7,3.9921875,30
2283.0,552577.67,121.51400674,37.43470492,45.86,339.33,3.6144000000000003,12.0,31.0,2.0,7,4.140625,30
2283.0,552577.77,121.51400617,37.43470568,45.85,337.78,3.3228000000000004,12.0,31.0,2.0,7,3.9140625,30
2283.0,552577.87,121.5140054,37.43470639,45.85,336.48,3.4704,12.0,31.0,2.0,7,4.0234375,30
2283.0,552577.97,121.5140048,37.43470709,45.85,334.79,3.762,12.0,31.0,2.0,7,4.1953125,30
2283.0,552578.07,121.51400404,37.43470769,45.86,333.06,3.5064,12.0,31.0,2.0,7,3.9296875,30
2283.0,552578.17,121.51400344,37.43470847,45.85,331.58,3.1608,12.0,31.0,2.0,7,4.0859375,30
2283.0,552578.27,121.51400265,37.4347093,45.85,330.16,3.6755999999999998,12.0,31.0,2.0,7,4.2578125,30
2283.0,552578.37,121.51400193,37.43470997,45.85,328.43,4.0212,12.0,31.0,2.0,7,3.9296875,30
2283.0,552578.48,121.51399953,37.43470928,45.82,326.51,3.5424,12.0,31.0,2.0,7,4.15625,30
2283.0,552578.57,121.51399883,37.43470986,45.82,325.36,3.1788000000000003,12.0,31.0,2.0,7,4.2734375,30
2283.0,552578.67,121.51399811,37.4347108,45.81,323.99,3.6755999999999998,12.0,31.0,2.0,7,4.0234375,30
2283.0,552578.77,121.51399726,37.43471131,45.81,322.25,3.7872000000000003,12.0,31.0,2.0,7,4.125,30
2283.0,552578.87,121.51399625,37.43471169,45.81,320.6,3.3084000000000002,12.0,31.0,2.0,7,4.3125,30
2283.0,552578.97,121.51399543,37.43471229,45.81,319.22,3.4379999999999997,12.0,31.0,2.0,7,3.9921875,30
2283.0,552579.07,121.5139946,37.43471285,45.81,317.47,3.6035999999999997,12.0,31.0,2.0,7,4.140625,30
2283.0,552579.17,121.51399374,37.43471333,45.81,315.82,3.2508000000000004,12.0,31.0,2.0,7,4.2890625,30
2283.0,552579.27,121.51399246,37.43471347,45.79,314.45,3.0708,12.0,31.0,2.0,7,3.9296875,30
2283.0,552579.37,121.51399154,37.43471391,45.79,313.0,3.726,12.0,31.0,2.0,7,4.140625,30
2283.0,552579.47,121.51399094,37.43471489,45.82,311.31,3.9744000000000006,12.0,31.0,2.0,7,4.2890625,30
2283.0,552579.57,121.51398999,37.4347153,45.82,309.67,3.2544,12.0,31.0,2.0,7,3.9921875,30
2283.0,552579.67,121.5139889,37.43471548,45.81,308.33,3.006,12.0,31.0,2.0,7,4.1796875,30
2283.0,552579.77,121.51398796,37.43471588,45.81,306.81,3.636,12.0,31.0,2.0,7,4.2734375,30
2283.0,552579.88,121.51398687,37.4347163,45.82,304.88,3.9456,12.0,31.0,2.0,7,3.96875,30
2283.0,552579.97,121.51398601,37.43471657,45.82,303.22,3.042,12.0,31.0,2.0,7,4.15625,30
2283.0,552580.07,121.51398492,37.43471676,45.81,301.97,3.0636,12.0,31.0,2.0,7,4.2734375,30
2283.0,552580.17,121.51398392,37.43471705,45.81,300.38,3.8016,12.0,31.0,2.0,7,4.0078125,30
2283.0,552580.27,121.51398283,37.43471721,45.82,298.56,3.8016,12.0,31.0,2.0,7,4.0859375,30
2283.0,552580.37,121.51398182,37.43471746,45.81,297.08,2.9088000000000003,12.0,31.0,2.0,7,4.1953125,30
2283.0,552580.47,121.51398062,37.43471755,45.81,295.87,3.1356,12.0,31.0,2.0,7,3.9921875,30
2283.0,552580.57,121.51397962,37.43471776,45.81,294.24,3.834,12.0,31.0,2.0,7,4.046875,30
2283.0,552580.67,121.51397853,37.43471785,45.81,292.32,3.8411999999999997,12.0,31.0,2.0,7,4.15625,30
2283.0,552580.77,121.51397753,37.43471805,45.81,290.67,2.826,12.0,31.0,2.0,7,3.9921875,30
2283.0,552580.87,121.5139765,37.43471765,45.78,289.28,2.9808,12.0,31.0,2.0,7,4.0234375,30
2283.0,552580.97,121.51397551,37.43471775,45.78,287.69,3.6468,12.0,31.0,2.0,7,4.140625,30
2283.0,552581.07,121.51397424,37.4347181,45.79,285.97,3.708,12.0,31.0,2.0,7,3.9921875,30
2283.0,552581.17,121.51397321,37.43471817,45.79,284.55,2.9124000000000003,12.0,31.0,2.0,7,4.0078125,30
2283.0,552581.28,121.51397316,37.43471761,45.75,282.88,2.8044000000000002,12.0,31.0,2.0,7,4.140625,30
2283.0,552581.37,121.51397229,37.43471759,45.75,281.55,3.492,12.0,31.0,2.0,7,4.0234375,30
2283.0,552581.47,121.51397098,37.43471757,45.77,279.76,3.1896,12.0,31.0,2.0,7,4.0078125,30
2283.0,552581.57,121.51397,37.43471753,45.77,278.3,2.9448,12.0,31.0,2.0,7,4.140625,30
2283.0,552581.67,121.51396894,37.43471739,45.77,276.85,3.0816,12.0,31.0,2.0,7,4.0625,30
2283.0,552581.77,121.513968,37.43471726,45.77,275.13,3.4704,12.0,31.0,2.0,7,3.96875,30
2283.0,552581.88,121.51396723,37.43471673,45.76,273.13,2.9556,12.0,31.0,2.0,7,4.140625,30
2283.0,552581.97,121.51396633,37.43471664,45.76,272.01,2.862,12.0,31.0,2.0,7,4.125,30
2283.0,552582.07,121.51396495,37.43471672,45.77,270.6,3.3480000000000003,12.0,31.0,2.0,7,4.0234375,30
2283.0,552582.17,121.51396404,37.43471647,45.76,268.79,3.5244,12.0,31.0,2.0,7,4.1796875,30
2283.0,552582.27,121.51396373,37.4347155,45.75,267.03,2.8764000000000003,12.0,31.0,2.0,7,4.15625,30
2283.0,552582.37,121.5139628,37.43471526,45.75,265.73,2.9088000000000003,12.0,31.0,2.0,7,4.0078125,30
2283.0,552582.47,121.51396156,37.43471507,45.75,264.26,3.3192000000000004,12.0,31.0,2.0,7,4.140625,30
2283.0,552582.57,121.51396074,37.43471473,45.76,262.49,3.168,12.0,31.0,2.0,7,4.1796875,30
2283.0,552582.67,121.51395991,37.43471427,45.75,260.93,2.826,12.0,31.0,2.0,7,3.953125,30
2283.0,552582.77,121.513959,37.43471397,45.75,259.56,2.9448,12.0,31.0,2.0,7,4.140625,30
2283.0,552582.87,121.51395714,37.43471377,45.77,258.17,3.4812,12.0,31.0,2.0,7,4.21875,30
2283.0,552582.97,121.51395631,37.43471335,45.77,256.35,3.3948,12.0,31.0,2.0,7,3.96875,30
2283.0,552583.07,121.51395581,37.43471271,45.76,254.8,3.0312,12.0,31.0,2.0,7,4.15625,30
2283.0,552583.17,121.51395493,37.43471228,45.75,253.38,3.2148000000000003,12.0,31.0,2.0,7,4.3125,30
2283.0,552583.27,121.51395362,37.43471182,45.76,251.92,3.5712,12.0,31.0,2.0,7,4.0078125,30
2283.0,552583.37,121.51395285,37.43471132,45.76,250.17,3.3192000000000004,12.0,31.0,2.0,7,4.1796875,30
2283.0,552583.47,121.5139522,37.43471068,45.76,248.65,3.0383999999999998,12.0,31.0,2.0,7,4.234375,30
2283.0,552583.57,121.51395137,37.4347102,45.76,247.24,3.1392,12.0,31.0,2.0,7,3.9921875,30
2283.0,552583.67,121.51395037,37.43470964,45.76,245.7,3.4848,12.0,31.0,2.0,7,4.1015625,30
2283.0,552583.77,121.51394967,37.43470907,45.77,243.99,3.4164,12.0,31.0,2.0,7,4.1953125,30
2283.0,552583.87,121.51394909,37.43470847,45.76,242.44,3.1104,12.0,31.0,2.0,7,3.953125,30
2283.0,552583.97,121.51394835,37.43470788,45.76,241.02,3.2868000000000004,12.0,31.0,2.0,7,4.1015625,30
2283.0,552584.07,121.51394753,37.43470723,45.76,239.4,3.5388,12.0,31.0,2.0,7,4.1953125,30
2283.0,552584.17,121.51394687,37.4347066,45.76,237.7,3.2760000000000002,12.0,31.0,2.0,7,4.046875,30
2283.0,552584.27,121.5139464,37.43470596,45.76,236.1,3.0852,12.0,31.0,2.0,7,4.0859375,30
2283.0,552584.37,121.51394569,37.43470535,45.76,234.67,3.2796000000000003,12.0,31.0,2.0,7,4.1796875,30
2283.0,552584.47,121.51394469,37.43470469,45.77,233.04,3.5172,12.0,31.0,2.0,7,4.2890625,30
2283.0,552584.57,121.51394409,37.434704,45.77,231.42,3.3228000000000004,12.0,31.0,2.0,7,3.9921875,30
2283.0,552584.67,121.51394354,37.4347033,45.77,230.0,3.3696,12.0,31.0,2.0,7,4.1796875,30
2283.0,552584.77,121.51394298,37.43470253,45.76,228.55,3.4632,12.0,31.0,2.0,7,4.234375,30
2283.0,552584.87,121.51394227,37.43470174,45.77,227.13,3.6432,12.0,31.0,2.0,7,3.9921875,30
2283.0,552584.97,121.51394179,37.43470096,45.77,225.62,3.4668,12.0,31.0,2.0,7,4.1796875,30
2283.0,552585.07,121.51394132,37.43470011,45.77,224.19,3.4812,12.0,31.0,2.0,7,4.2578125,30
2283.0,552585.17,121.51394081,37.43469933,45.76,222.79,3.5064,12.0,31.0,2.0,7,4.0078125,30
2283.0,552585.27,121.51393996,37.43469842,45.77,221.41,3.7043999999999997,12.0,31.0,2.0,7,4.125,30
2283.0,552585.37,121.51393954,37.43469761,45.77,219.89,3.5136,12.0,31.0,2.0,7,4.1796875,30
2283.0,552585.47,121.51393934,37.43469692,45.76,218.63,3.2724,12.0,31.0,2.0,7,4.328125,30
2283.0,552585.57,121.51393885,37.4346961,45.76,217.56,3.5388,12.0,31.0,2.0,7,3.96875,30
2283.0,552585.67,121.51393741,37.43469516,45.77,216.37,4.2912,12.0,31.0,2.0,7,4.15625,30
2283.0,552585.77,121.51393706,37.43469434,45.78,214.87,4.086,12.0,31.0,2.0,7,4.3125,30
2283.0,552585.87,121.51393646,37.43469412,45.76,213.54,3.15,12.0,31.0,2.0,7,4.0078125,30
2283.0,552585.97,121.51393563,37.43469342,45.76,212.81,3.2112000000000003,12.0,31.0,2.0,7,4.15625,30
2283.0,552586.07,121.5139345,37.43469237,45.77,211.77,4.122,12.0,31.0,2.0,7,4.234375,30
2283.0,552586.17,121.51393408,37.43469157,45.77,210.44,4.5684,12.0,31.0,2.0,7,3.9921875,30
2283.0,552586.27,121.51393429,37.43469144,45.76,209.06,3.3156000000000003,12.0,31.0,2.0,7,4.140625,30
2283.0,552586.37,121.51393354,37.43469073,45.76,208.32,3.0383999999999998,12.0,31.0,2.0,7,4.21875,30
2283.0,552586.47,121.51393304,37.43468984,45.75,207.64,3.2508000000000004,12.0,31.0,2.0,7,3.96875,30
2283.0,552586.57,121.51393258,37.43468906,45.76,206.68,4.2336,12.0,31.0,2.0,7,4.1015625,30
2283.0,552586.67,121.5139321,37.43468807,45.76,205.49,4.453200000000001,12.0,31.0,2.0,7,4.21875,30
2283.0,552586.77,121.51393176,37.43468724,45.77,204.52,3.294,12.0,31.0,2.0,7,3.96875,30
2283.0,552586.88,121.51393157,37.43468695,45.76,203.6,2.8584,12.0,31.0,2.0,7,4.0859375,30
2283.0,552586.97,121.51393094,37.43468623,45.75,203.32,3.2472000000000003,12.0,31.0,2.0,7,4.1796875,30
2283.0,552587.08,121.51393019,37.43468477,45.76,202.59,3.8411999999999997,12.0,31.0,2.0,7,3.96875,30
2283.0,552587.17,121.51392993,37.43468404,45.77,201.61,4.6404,12.0,31.0,2.0,7,4.1015625,30
2283.0,552587.27,121.51392982,37.43468362,45.76,200.6,3.4812,12.0,31.0,2.0,7,4.1953125,30
2283.0,552587.37,121.51392944,37.43468275,45.76,200.05,3.0744,12.0,31.0,2.0,7,3.96875,30
2283.0,552587.47,121.51392935,37.43468233,45.75,199.55,3.0744,12.0,31.0,2.0,7,4.0859375,30
2283.0,552587.57,121.51392895,37.43468151,45.75,198.93,3.6792000000000002,12.0,31.0,2.0,7,4.21875,30
2283.0,552587.67,121.51392821,37.4346798,45.77,198.21,4.2768,12.0,31.0,2.0,7,3.96875,30
2283.0,552587.77,121.51392794,37.43467895,45.77,197.35,3.9960000000000004,12.0,31.0,2.0,7,4.1015625,30
2283.0,552587.87,121.51392807,37.43467956,45.75,196.45,3.3552000000000004,12.0,31.0,2.0,7,4.1953125,30
2283.0,552587.97,121.5139276,37.43467876,45.75,195.92,3.0168,12.0,31.0,2.0,7,3.96875,30
2283.0,552588.07,121.51392731,37.43467789,45.74,195.33,3.1968,12.0,31.0,2.0,7,4.0859375,30
2283.0,552588.17,121.51392698,37.43467709,45.75,194.65,3.492,12.0,31.0,2.0,7,4.15625,30
2283.0,552588.27,121.51392656,37.43467567,45.75,193.94,3.7296,12.0,31.0,2.0,7,3.9296875,30
2283.0,552588.37,121.51392636,37.43467482,45.75,193.23,3.7800000000000002,12.0,31.0,2.0,7,4.046875,30
2283.0,552588.47,121.51392628,37.43467409,45.75,192.49,3.4992,12.0,31.0,2.0,7,4.21875,30
2283.0,552588.57,121.51392612,37.43467324,45.75,191.86,3.1428000000000003,12.0,31.0,2.0,7,3.9296875,30
2283.0,552588.67,121.51392592,37.43467224,45.75,191.21,3.2796000000000003,12.0,31.0,2.0,7,4.0859375,30
2283.0,552588.77,121.51392581,37.4346714,45.75,190.54,3.1752000000000002,12.0,31.0,2.0,7,4.1953125,30
2283.0,552588.87,121.51392555,37.43466962,45.76,189.99,3.5136,12.0,31.0,2.0,7,3.9140625,30
2283.0,552588.97,121.51392532,37.43466877,45.76,189.28,3.8628,12.0,31.0,2.0,7,4.125,30
2283.0,552589.07,121.5139246,37.43466671,45.78,188.58,4.2696,12.0,31.0,2.0,7,4.2578125,30
2283.0,552589.17,121.51392441,37.43466583,45.78,187.82,3.6468,12.0,31.0,2.0,7,3.9921875,30
2283.0,552589.27,121.5139255,37.43466815,45.76,187.0,2.9052000000000002,12.0,31.0,2.0,7,4.125,30
2283.0,552589.37,121.51392531,37.43466728,45.76,186.7,3.0564,12.0,31.0,2.0,7,4.125,30
2283.0,552589.47,121.51392453,37.43466375,45.78,186.42,3.9204,12.0,31.0,2.0,7,4.0078125,30
2283.0,552589.56,121.51392451,37.43466293,45.78,185.8,4.4568,12.0,31.0,2.0,7,4.140625,30
2283.0,552589.67,121.51392449,37.43466153,45.79,185.2,4.3776,12.0,31.0,2.0,7,4.15625,30
2283.0,552589.77,121.51392444,37.43466058,45.79,184.67,3.6072,12.0,31.0,2.0,7,4.0625,30
2283.0,552589.87,121.51392481,37.43466067,45.78,184.32,3.2976,12.0,31.0,2.0,7,4.140625,30
2283.0,552589.97,121.5139247,37.43465973,45.78,184.08,3.4308,12.0,31.0,2.0,7,4.2578125,30
2283.0,552590.07,121.5139246,37.43465841,45.78,183.82,3.9132,12.0,31.0,2.0,7,4.046875,30
2283.0,552590.17,121.51392457,37.43465747,45.79,183.5,4.068,12.0,31.0,2.0,7,4.140625,30
2283.0,552590.27,121.51392456,37.43465642,45.79,183.23,3.9024000000000005,12.0,31.0,2.0,7,4.2578125,30
2283.0,552590.38,121.51392447,37.43465537,45.8,183.06,3.8268,12.0,31.0,2.0,7,3.9921875,30
2283.0,552590.47,121.51392441,37.43465452,45.8,182.97,3.8844,12.0,31.0,2.0,7,4.0859375,30
2283.0,552590.57,121.51392438,37.43465356,45.8,182.86,4.0932,12.0,31.0,2.0,7,4.21875,30
2283.0,552590.67,121.51392438,37.43465264,45.8,182.72,3.9024000000000005,12.0,31.0,2.0,7,3.9296875,30
2283.0,552590.77,121.51392432,37.43465164,45.8,182.74,3.8448,12.0,31.0,2.0,7,4.0859375,30
2283.0,552590.87,121.51392432,37.43465067,45.8,182.78,3.8411999999999997,12.0,31.0,2.0,7,4.234375,30
2283.0,552590.97,121.51392427,37.43464968,45.8,182.81,4.1112,12.0,31.0,2.0,7,3.9921875,30
2283.0,552591.07,121.51392425,37.43464857,45.8,182.75,4.0284,12.0,31.0,2.0,7,4.1015625,30
2283.0,552591.17,121.51392417,37.43464756,45.8,182.83,3.7872000000000003,12.0,31.0,2.0,7,4.2578125,30
2283.0,552591.27,121.51392431,37.4346465,45.81,182.9,3.7728,12.0,31.0,2.0,7,4.046875,30
2283.0,552591.37,121.51392422,37.4346455,45.81,183.04,3.9708,12.0,31.0,2.0,7,4.125,30
2283.0,552591.47,121.51392409,37.43464425,45.81,183.16,4.2912,12.0,31.0,2.0,7,4.2578125,30
2283.0,552591.57,121.51392411,37.43464322,45.82,183.24,4.1472,12.0,31.0,2.0,7,4.046875,30
2283.0,552591.67,121.513924,37.43464217,45.82,183.42,4.2588,12.0,31.0,2.0,7,4.15625,30
2283.0,552591.77,121.51392392,37.43464113,45.82,183.58,4.0932,12.0,31.0,2.0,7,4.2890625,30
2283.0,552591.87,121.51392381,37.43464008,45.82,183.75,4.179600000000001,12.0,31.0,2.0,7,4.0078125,30
2283.0,552591.97,121.51392369,37.43463905,45.82,183.88,4.1544,12.0,31.0,2.0,7,4.140625,30
2283.0,552592.07,121.51392358,37.43463795,45.82,184.01,4.1652000000000005,12.0,31.0,2.0,7,4.328125,30
2283.0,552592.17,121.51392348,37.4346369,45.82,184.12,4.1508,12.0,31.0,2.0,7,4.0078125,30
2283.0,552592.27,121.51392335,37.43463578,45.82,184.24,4.1255999999999995,12.0,31.0,2.0,7,4.15625,30
2283.0,552592.37,121.51392321,37.43463474,45.82,184.36,4.2804,12.0,31.0,2.0,7,4.234375,30
2283.0,552592.47,121.51392313,37.43463396,45.82,184.46,4.0716,12.0,31.0,2.0,7,4.0078125,30
2283.0,552592.57,121.51392297,37.43463294,45.82,184.64,4.266,12.0,31.0,2.0,7,4.1015625,30
2283.0,552592.67,121.51392289,37.43463213,45.82,184.75,4.0752,12.0,31.0,2.0,7,4.1953125,30
2283.0,552592.77,121.51392275,37.4346311,45.82,184.89,4.2912,12.0,31.0,2.0,7,4.1953125,30
2283.0,552592.87,121.51392264,37.43463011,45.82,184.93,4.0356000000000005,12.0,31.0,2.0,7,4.0625,30
2283.0,552592.97,121.51392248,37.43462907,45.82,185.03,4.14,12.0,31.0,2.0,7,4.21875,30
2283.0,552593.07,121.51392235,37.43462803,45.82,185.05,4.0032000000000005,12.0,31.0,2.0,7,4.0859375,30
2283.0,552593.17,121.51392225,37.43462699,45.82,185.1,3.9960000000000004,12.0,31.0,2.0,7,4.0859375,30
2283.0,552593.27,121.51392209,37.43462602,45.82,185.13,3.8880000000000003,12.0,30.0,2.0,7,4.1796875,30
2283.0,552593.37,121.51392199,37.434625,45.81,185.14,3.9096,12.0,30.0,2.0,7,4.2890625,30
2283.0,552593.47,121.51392183,37.43462392,45.81,185.15,4.032000000000001,12.0,30.0,2.0,7,4.046875,30
2283.0,552593.57,121.51392178,37.4346229,45.81,185.12,4.0284,12.0,30.0,2.0,7,4.15625,30
2283.0,552593.67,121.51392162,37.43462179,45.8,185.15,4.1868,12.0,30.0,2.0,7,4.2734375,30
2283.0,552593.77,121.51392155,37.43462078,45.8,185.09,4.0968,12.0,30.0,2.0,7,3.953125,30
2283.0,552593.87,121.51392141,37.43461972,45.8,185.12,4.1688,12.0,30.0,2.0,7,4.15625,30
2283.0,552593.97,121.51392132,37.43461872,45.8,185.09,4.107600000000001,12.0,30.0,2.0,7,4.328125,30
2283.0,552594.07,121.5139212,37.43461762,45.8,185.07,4.2156,12.0,30.0,2.0,7,4.0078125,30
2283.0,552594.17,121.51392111,37.43461661,45.79,184.99,4.0392,12.0,30.0,2.0,7,4.15625,30
2283.0,552594.27,121.51392104,37.43461588,45.79,184.95,3.8592000000000004,12.0,31.0,2.0,7,4.2734375,30
2283.0,552594.37,121.51392091,37.43461488,45.79,184.93,3.8520000000000003,12.0,31.0,2.0,7,4.0078125,30
2283.0,552594.47,121.51392081,37.43461381,45.79,184.87,3.9348,12.0,31.0,2.0,7,4.1015625,30
2283.0,552594.57,121.5139207,37.43461282,45.79,184.82,3.9456,12.0,31.0,2.0,7,4.21875,30
2283.0,552594.67,121.51392061,37.43461179,45.79,184.73,3.9096,12.0,31.0,2.0,7,3.9921875,30
2283.0,552594.77,121.51392049,37.43461079,45.79,184.7,3.9384000000000006,12.0,31.0,2.0,7,4.125,30
2283.0,552594.87,121.51392037,37.43460968,45.79,184.64,4.0607999999999995,12.0,31.0,2.0,7,4.1953125,30
2283.0,552594.97,121.51392027,37.43460867,45.78,184.6,4.179600000000001,12.0,31.0,2.0,7,4.15625,30
2283.0,552595.07,121.51392017,37.43460758,45.78,184.47,4.1832,12.0,31.0,2.0,7,4.0234375,30
2283.0,552595.17,121.51392007,37.43460656,45.78,184.42,4.122,12.0,31.0,2.0,7,4.140625,30
2283.0,552595.27,121.51391996,37.43460553,45.77,184.36,4.0644,12.0,31.0,2.0,7,4.328125,30
2283.0,552595.37,121.51391986,37.43460451,45.77,184.3,4.1724000000000006,12.0,31.0,2.0,7,4.0625,30
2283.0,552595.47,121.51391977,37.43460349,45.77,184.17,4.0284,12.0,30.0,2.0,7,4.15625,30
2283.0,552595.57,121.51391968,37.43460249,45.77,184.11,3.87,12.0,30.0,2.0,7,4.2578125,30
2283.0,552595.67,121.51391963,37.43460153,45.77,184.0,3.8268,12.0,30.0,2.0,7,3.96875,30
2283.0,552595.77,121.51391956,37.43460055,45.77,183.9,3.8411999999999997,12.0,30.0,2.0,7,4.125,30
2283.0,552595.87,121.51391949,37.43459968,45.76,183.81,3.8196,12.0,30.0,2.0,7,4.234375,30
2283.0,552595.97,121.51391941,37.43459869,45.76,183.73,3.8664000000000005,12.0,30.0,2.0,7,4.0234375,30
2283.0,552596.06,121.51391928,37.43459776,45.76,183.68,4.024800000000001,12.0,30.0,2.0,7,4.125,30
2283.0,552596.17,121.5139192,37.43459667,45.76,183.58,4.1292,12.0,30.0,2.0,7,4.2734375,30
2283.0,552596.27,121.51391908,37.43459552,45.76,183.5,3.9852,12.0,31.0,2.0,7,4.0234375,30
2283.0,552596.37,121.51391899,37.43459452,45.76,183.47,4.1364,12.0,31.0,2.0,7,4.15625,30
2283.0,552596.47,121.51391892,37.43459336,45.76,183.38,4.053599999999999,12.0,31.0,2.0,7,4.2890625,30
2283.0,552596.57,121.51391887,37.43459237,45.76,183.29,3.9564,12.0,31.0,2.0,7,3.9921875,30
2283.0,552596.67,121.51391881,37.43459122,45.76,183.19,3.9348,12.0,31.0,2.0,7,4.1015625,30
2283.0,552596.77,121.51391874,37.43459023,45.76,183.08,3.834,12.0,31.0,2.0,7,4.2578125,30
2283.0,552596.87,121.5139187,37.43458966,45.75,183.02,3.8268,12.0,31.0,2.0,7,3.96875,30
2283.0,552596.97,121.51391862,37.43458868,45.75,182.96,3.9132,12.0,31.0,2.0,7,4.125,30
2283.0,552597.07,121.51391855,37.43458776,45.76,182.88,3.9312000000000005,12.0,31.0,2.0,7,4.2578125,30
2283.0,552597.17,121.51391845,37.4345868,45.76,182.83,3.8124,12.0,31.0,2.0,7,4.0078125,30
2283.0,552597.27,121.51391835,37.43458581,45.76,182.78,3.834,12.0,31.0,2.0,7,4.140625,30
2283.0,552597.37,121.51391828,37.43458485,45.76,182.67,3.9132,12.0,31.0,2.0,7,4.2734375,30
2283.0,552597.47,121.51391817,37.43458373,45.76,182.6,3.8988,12.0,31.0,2.0,7,4.0078125,30
2283.0,552597.57,121.51391809,37.43458275,45.76,182.51,4.024800000000001,12.0,31.0,2.0,7,4.140625,30
2283.0,552597.66,121.51391801,37.43458181,45.76,182.43,3.9744000000000006,12.0,31.0,2.0,7,4.2578125,30
2283.0,552597.77,121.51391795,37.43458073,45.76,182.36,4.0212,12.0,31.0,2.0,7,3.9921875,30
2283.0,552597.87,121.51391792,37.43457981,45.76,182.3,3.8988,12.0,31.0,2.0,7,4.0859375,30
2283.0,552597.97,121.51391789,37.43457881,45.76,182.3,3.8520000000000003,12.0,31.0,2.0,7,4.15625,30
2283.0,552598.07,121.51391785,37.43457776,45.76,182.28,3.9636,12.0,31.0,2.0,7,4.0234375,30
2283.0,552598.17,121.51391785,37.43457677,45.76,182.17,3.9348,12.0,31.0,2.0,7,4.15625,30
2283.0,552598.26,121.51391781,37.43457595,45.75,182.13,3.8916,12.0,31.0,2.0,7,4.234375,30
2283.0,552598.38,121.51391776,37.43457477,45.75,182.03,3.9276,12.0,31.0,2.0,7,4.0234375,30
2283.0,552598.47,121.5139177,37.43457385,45.75,181.95,4.0896,12.0,30.0,2.0,7,4.15625,30
2283.0,552598.57,121.51391765,37.43457286,45.75,181.85,3.9960000000000004,12.0,30.0,2.0,7,4.1796875,30
2283.0,552598.67,121.51391762,37.4345719,45.75,181.78,3.978,12.0,30.0,2.0,7,4.0625,30
2283.0,552598.77,121.51391758,37.4345709,45.75,181.73,4.0464,12.0,30.0,2.0,7,4.140625,30
2283.0,552598.87,121.51391757,37.43456987,45.75,181.63,4.107600000000001,12.0,30.0,2.0,7,4.1015625,30
2283.0,552598.97,121.51391755,37.4345689,45.75,181.53,3.9492,12.0,30.0,2.0,7,4.046875,30
2283.0,552599.07,121.51391753,37.43456793,45.75,181.47,3.9924,12.0,30.0,2.0,7,4.140625,30
2283.0,552599.17,121.51391748,37.43456695,45.75,181.4,4.05,12.0,30.0,2.0,7,4.125,30
2283.0,552599.27,121.51391747,37.43456593,45.75,181.25,3.9384000000000006,12.0,30.0,2.0,7,4.0234375,30
2283.0,552599.37,121.5139174,37.43456494,45.75,181.19,3.7188,12.0,30.0,2.0,7,4.140625,30
2283.0,552599.47,121.51391733,37.43456401,45.75,181.15,3.9276,12.0,30.0,2.0,7,4.0625,30
2283.0,552599.57,121.51391728,37.43456303,45.75,181.01,3.9996,12.0,30.0,2.0,7,4.0625,30
2283.0,552599.67,121.51391724,37.43456203,45.75,180.87,3.9744000000000006,12.0,30.0,2.0,7,4.1796875,30
2283.0,552599.77,121.5139172,37.43456103,45.75,180.78,3.8484,12.0,30.0,2.0,7,3.953125,30
2283.0,552599.87,121.51391714,37.43456007,45.75,180.75,3.9492,12.0,29.0,2.0,7,4.0625,30
2283.0,552599.97,121.51391712,37.43455909,45.76,180.65,4.0932,12.0,29.0,2.0,7,4.21875,30
2283.0,552600.07,121.51391711,37.43455798,45.76,180.49,4.1364,12.0,29.0,2.0,7,3.953125,30
2283.0,552600.17,121.51391709,37.43455698,45.76,180.4,4.0968,12.0,29.0,2.0,7,4.046875,30
2283.0,552600.27,121.51391708,37.43455637,45.76,180.33,3.8304000000000005,12.0,31.0,2.0,7,4.1953125,30
2283.0,552600.37,121.51391706,37.43455537,45.76,180.34,3.8556,12.0,31.0,2.0,7,3.9921875,30
2283.0,552600.47,121.51391705,37.43455442,45.77,180.34,3.9168000000000003,12.0,31.0,2.0,7,4.1015625,30
2283.0,552600.57,121.51391707,37.43455341,45.77,180.35,4.05,12.0,31.0,2.0,7,4.21875,30
2283.0,552600.67,121.51391705,37.43455239,45.77,180.38,3.9240000000000004,12.0,31.0,2.0,7,3.9921875,30
2283.0,552600.77,121.51391704,37.43455137,45.76,180.45,4.1004000000000005,12.0,31.0,2.0,7,4.0859375,30
2283.0,552600.87,121.51391701,37.43455028,45.77,180.49,4.05,12.0,31.0,2.0,7,4.2578125,30
2283.0,552600.97,121.51391698,37.43454926,45.77,180.59,4.1472,12.0,31.0,2.0,7,3.9921875,30
2283.0,552601.07,121.51391694,37.43454817,45.77,180.69,4.0392,12.0,30.0,2.0,7,4.046875,30
2283.0,552601.17,121.51391689,37.43454716,45.77,180.87,4.0752,12.0,30.0,2.0,7,4.1953125,30
2283.0,552601.27,121.51391683,37.43454605,45.77,181.1,4.244400000000001,12.0,30.0,2.0,7,3.953125,30
2283.0,552601.37,121.51391679,37.43454503,45.76,181.29,4.086,12.0,30.0,2.0,7,4.1015625,30
2283.0,552601.47,121.5139167,37.43454397,45.76,181.57,4.2156,12.0,29.0,2.0,7,4.1953125,30
2283.0,552601.57,121.51391664,37.43454294,45.77,181.73,4.0464,12.0,29.0,2.0,7,3.96875,30
2283.0,552601.67,121.51391652,37.43454181,45.77,181.98,4.118399999999999,12.0,29.0,2.0,7,4.140625,30
2283.0,552601.77,121.51391643,37.43454078,45.77,182.14,4.1436,12.0,29.0,2.0,7,4.1953125,30
2283.0,552601.87,121.51391632,37.43453964,45.77,182.37,4.3704,12.0,29.0,2.0,7,4.0234375,30
2283.0,552601.97,121.51391624,37.43453861,45.77,182.52,4.3308,12.0,29.0,2.0,7,4.0859375,30
2283.0,552602.07,121.51391614,37.43453761,45.77,182.76,4.2408,12.0,29.0,2.0,7,4.1796875,30
2283.0,552602.17,121.51391606,37.43453656,45.77,182.96,4.2372000000000005,12.0,29.0,2.0,7,4.0234375,30
2283.0,552602.27,121.51391594,37.43453562,45.77,183.2,4.2696,12.0,31.0,2.0,7,4.0859375,30
2283.0,552602.37,121.51391586,37.43453456,45.77,183.39,4.122,12.0,31.0,2.0,7,4.1796875,30
2283.0,552602.47,121.51391576,37.43453361,45.77,183.62,4.0464,12.0,31.0,2.0,7,3.96875,30
2283.0,552602.57,121.51391566,37.43453254,45.76,183.86,4.0932,12.0,31.0,2.0,7,4.125,30
2283.0,552602.67,121.51391554,37.43453139,45.76,184.05,4.266,12.0,31.0,2.0,7,4.1953125,30
2283.0,552602.77,121.51391545,37.43453031,45.76,184.26,4.1544,12.0,31.0,2.0,7,4.21875,30
2283.0,552602.87,121.51391532,37.43452923,45.76,184.5,4.2732,12.0,31.0,2.0,7,4.046875,30
2283.0,552602.97,121.51391518,37.43452816,45.76,184.73,4.4496,12.0,31.0,2.0,7,4.1953125,30
2283.0,552603.07,121.51391506,37.43452706,45.75,184.9,4.32,12.0,31.0,2.0,7,4.2890625,30
2283.0,552603.17,121.51391486,37.43452601,45.75,185.14,4.3668000000000005,12.0,31.0,2.0,7,4.0078125,30
2283.0,552603.27,121.51391473,37.434525,45.75,185.27,4.053599999999999,12.0,30.0,2.0,7,4.15625,30
2283.0,552603.37,121.51391453,37.43452395,45.75,185.52,4.1544,12.0,30.0,2.0,7,4.2578125,30
2283.0,552603.47,121.51391439,37.43452299,45.75,185.69,4.0212,12.0,30.0,2.0,7,3.96875,30
2283.0,552603.57,121.51391419,37.43452195,45.75,185.94,4.2192,12.0,30.0,2.0,7,4.1015625,30
2283.0,552603.67,121.51391403,37.43452087,45.75,186.13,4.1616,12.0,29.0,2.0,7,4.2890625,30
2283.0,552603.77,121.51391382,37.43451982,45.75,186.41,4.248,12.0,29.0,2.0,7,3.953125,30
2283.0,552603.87,121.51391363,37.43451861,45.75,186.6,4.338,12.0,29.0,2.0,7,4.140625,30
2283.0,552603.97,121.51391346,37.43451753,45.74,186.79,4.3596,12.0,29.0,2.0,7,4.234375,30
2283.0,552604.07,121.51391324,37.43451637,45.74,187.01,4.4964,12.0,29.0,2.0,7,4.0234375,30
2283.0,552604.17,121.5139131,37.43451529,45.74,187.16,4.251600000000001,12.0,29.0,2.0,7,4.125,30
2283.0,552604.27,121.51391295,37.43451436,45.74,187.39,4.2336,12.0,30.0,2.0,7,4.21875,30
2283.0,552604.37,121.51391278,37.43451331,45.73,187.59,4.1688,12.0,30.0,2.0,7,4.0078125,30
2283.0,552604.47,121.51391253,37.43451223,45.73,187.85,4.4748,12.0,30.0,2.0,7,4.0859375,30
2283.0,552604.57,121.51391236,37.43451114,45.73,187.96,4.4388000000000005,12.0,30.0,2.0,7,4.2578125,30
2283.0,552604.67,121.51391214,37.43451012,45.72,188.2,4.3056,12.0,29.0,2.0,7,4.1796875,30
2283.0,552604.77,121.51391189,37.43450901,45.72,188.48,4.2264,12.0,29.0,2.0,7,4.125,30
2283.0,552604.87,121.51391166,37.43450787,45.72,188.69,4.3524,12.0,28.0,2.0,7,4.1796875,30
2283.0,552604.97,121.51391148,37.43450683,45.71,188.85,4.248,12.0,28.0,2.0,7,4.2734375,30
2283.0,552605.07,121.51391128,37.43450591,45.71,189.07,3.9672000000000005,12.0,28.0,2.0,7,3.9921875,30
2283.0,552605.17,121.51391105,37.4345049,45.71,189.32,4.2408,12.0,28.0,2.0,7,4.125,30
2283.0,552605.27,121.51391083,37.4345039,45.71,189.45,4.086,12.0,28.0,2.0,7,4.2578125,30
