GPSWeek,GPSTime,imu_lon,imu_lat,imu_altitude,headingAngle,v,cmd_v,control_mode,shiftLevel
2284.0,370356.34,121.51293342,37.43373786,44.8,358.55,0.0036000000000000003,5,0.0,10
2284.0,370356.36,121.51293342,37.43373786,44.8,358.55,0.014400000000000001,5,0.0,10
2284.0,370356.43,121.51293342,37.43373786,44.8,358.55,0.0252,5,0.0,10
2284.0,370356.53,121.51293342,37.43373786,44.8,358.55,0.028800000000000003,5,0.0,10
2284.0,370356.63,121.51293342,37.43373786,44.8,358.55,0.007200000000000001,5,0.0,10
2284.0,370356.73,121.51293343,37.43373786,44.8,358.55,0.014400000000000001,5,0.0,10
2284.0,370356.83,121.51293343,37.43373786,44.8,358.55,0.028800000000000003,5,0.0,10
2284.0,370356.93,121.51293343,37.43373786,44.8,358.55,0.018000000000000002,5,0.0,10
2284.0,370357.03,121.51293343,37.43373786,44.8,358.55,0.0216,5,0.0,10
2284.0,370357.13,121.51293343,37.43373787,44.8,358.55,0.028800000000000003,5,0.0,10
2284.0,370357.23,121.51293344,37.43373787,44.8,358.55,0.014400000000000001,5,0.0,10
2284.0,370357.33,121.51293344,37.43373787,44.8,358.54,0.0216,5,0.0,10
2284.0,370357.43,121.51293344,37.43373787,44.8,358.55,0.028800000000000003,5,0.0,10
2284.0,370357.53,121.51293343,37.43373787,44.8,358.55,0.0036000000000000003,5,0.0,10
2284.0,370357.63,121.51293344,37.43373787,44.8,358.56,0.0108,5,0.0,10
2284.0,370357.73,121.51293344,37.43373787,44.8,358.55,0.0036000000000000003,5,0.0,10
2284.0,370357.83,121.51293344,37.43373787,44.8,358.56,0.039599999999999996,5,0.0,10
2284.0,370357.93,121.51293344,37.43373787,44.8,358.56,0.036000000000000004,5,0.0,10
2284.0,370358.03,121.51293344,37.43373787,44.8,358.56,0.061200000000000004,5,0.0,10
2284.0,370358.14,121.51293344,37.43373786,44.8,358.56,0.0432,5,0.0,10
2284.0,370358.23,121.51293344,37.43373786,44.8,358.56,0.007200000000000001,5,0.0,10
2284.0,370358.33,121.51293344,37.43373786,44.8,358.56,0.0504,5,0.0,10
2284.0,370358.43,121.51293344,37.43373786,44.8,358.56,0.0216,5,0.0,10
2284.0,370358.53,121.51293344,37.43373786,44.8,358.57,0.039599999999999996,5,0.0,10
2284.0,370358.63,121.51293345,37.43373787,44.8,358.57,0.0108,5,0.0,10
2284.0,370358.73,121.51293344,37.43373786,44.8,358.57,0.0,5,0.0,10
2284.0,370358.83,121.51293344,37.43373787,44.8,358.57,0.0216,5,0.0,10
2284.0,370358.93,121.51293344,37.43373786,44.8,358.56,0.0036000000000000003,5,0.0,10
2284.0,370359.03,121.51293344,37.43373786,44.8,358.56,0.0468,5,0.0,10
2284.0,370359.13,121.51293344,37.43373786,44.8,358.56,0.054,5,0.0,10
2284.0,370359.23,121.51293344,37.43373786,44.8,358.55,0.014400000000000001,5,0.0,10
2284.0,370359.33,121.51293343,37.43373785,44.8,358.54,0.0108,5,0.0,10
2284.0,370359.43,121.51293343,37.43373786,44.79,358.53,0.039599999999999996,5,0.0,10
2284.0,370359.53,121.51293343,37.43373785,44.79,358.54,0.039599999999999996,5,0.0,10
2284.0,370359.63,121.51293344,37.43373785,44.79,358.54,0.007200000000000001,5,0.0,10
2284.0,370359.73,121.51293344,37.43373785,44.79,358.54,0.0108,5,0.0,10
2284.0,370359.83,121.51293344,37.43373785,44.79,358.54,0.014400000000000001,5,0.0,10
2284.0,370359.93,121.51293343,37.43373785,44.79,358.53,0.014400000000000001,5,0.0,10
2284.0,370360.03,121.51293343,37.43373784,44.79,358.54,0.0432,5,0.0,10
2284.0,370360.13,121.51293343,37.43373785,44.79,358.54,0.028800000000000003,5,0.0,10
2284.0,370360.23,121.51293343,37.43373784,44.79,358.54,0.0108,5,0.0,10
2284.0,370360.33,121.51293344,37.43373784,44.79,358.54,0.0216,5,0.0,10
2284.0,370360.43,121.51293344,37.43373785,44.79,358.54,0.0324,5,0.0,10
2284.0,370360.53,121.51293344,37.43373784,44.79,358.54,0.014400000000000001,5,0.0,10
2284.0,370360.63,121.51293345,37.43373785,44.79,358.54,0.0324,5,0.0,10
2284.0,370360.73,121.51293345,37.43373784,44.79,358.54,0.0108,5,0.0,10
2284.0,370360.83,121.51293344,37.43373784,44.79,358.54,0.007200000000000001,5,0.0,10
2284.0,370360.93,121.51293345,37.43373784,44.79,358.54,0.036000000000000004,5,0.0,10
2284.0,370361.03,121.51293344,37.43373784,44.79,358.54,0.028800000000000003,5,0.0,10
2284.0,370361.13,121.51293345,37.43373784,44.79,358.54,0.018000000000000002,5,0.0,10
2284.0,370361.23,121.51293345,37.43373784,44.79,358.54,0.0324,5,0.0,10
2284.0,370361.33,121.51293345,37.43373784,44.79,358.54,0.0216,5,0.0,10
2284.0,370361.43,121.51293345,37.43373784,44.79,358.53,0.0036000000000000003,5,0.0,10
2284.0,370361.53,121.51293345,37.43373784,44.79,358.54,0.039599999999999996,5,0.0,10
2284.0,370361.63,121.51293345,37.43373784,44.79,358.54,0.0324,5,0.0,10
2284.0,370361.73,121.51293344,37.43373784,44.79,358.54,0.0216,5,0.0,10
2284.0,370361.83,121.51293344,37.43373784,44.79,358.54,0.0252,5,0.0,10
2284.0,370361.93,121.51293344,37.43373783,44.79,358.54,0.0,5,0.0,10
2284.0,370362.03,121.51293342,37.43373783,44.79,358.51,0.12600000000000003,5,0.1640625,10
2284.0,370362.13,121.51293343,37.43373792,44.79,358.54,0.2988,5,0.28125,10
2284.0,370362.23,121.51293343,37.43373798,44.79,358.55,0.1116,5,0.28125,10
2284.0,370362.33,121.51293342,37.43373802,44.79,358.51,0.24480000000000002,5,0.28125,10
2284.0,370362.43,121.51293341,37.43373809,44.79,358.51,0.3528,5,0.2421875,10
2284.0,370362.53,121.5129334,37.43373816,44.79,358.52,0.216,5,0.296875,10
2284.0,370362.63,121.5129334,37.43373822,44.79,358.51,0.1872,5,0.28125,10
2284.0,370362.73,121.51293339,37.43373828,44.79,358.51,0.2376,5,0.265625,10
2284.0,370362.83,121.51293339,37.43373835,44.79,358.52,0.234,5,0.265625,10
2284.0,370362.93,121.51293338,37.4337384,44.79,358.5,0.2268,5,0.28125,10
2284.0,370363.03,121.51293336,37.43373845,44.79,358.49,0.2268,5,0.3203125,10
2284.0,370363.13,121.51293337,37.43373853,44.79,358.51,0.2592,5,0.359375,10
2284.0,370363.22,121.51293336,37.4337386,44.79,358.51,0.3456,5,0.4140625,10
2284.0,370363.33,121.51293336,37.4337387,44.79,358.51,0.36360000000000003,5,0.46875,10
2284.0,370363.43,121.51293336,37.43373879,44.79,358.51,0.4176,5,0.546875,10
2284.0,370363.53,121.51293336,37.4337389,44.79,358.5,0.48240000000000005,5,0.703125,10
2284.0,370363.63,121.51293335,37.43373904,44.79,358.5,0.5508,5,0.90625,10
2284.0,370363.73,121.51293333,37.43373919,44.79,358.49,0.6768000000000001,5,1.0625,10
2284.0,370363.83,121.51293331,37.43373938,44.79,358.48,0.8748,5,1.3046875,10
2284.0,370363.93,121.51293331,37.43373962,44.79,358.48,0.9864,5,1.5,10
2284.0,370364.03,121.51293329,37.43373989,44.79,358.46,1.2168,5,1.609375,10
2284.0,370364.13,121.51293329,37.43374023,44.8,358.42,1.4724,5,1.9765625,10
2284.0,370364.23,121.51293329,37.43374064,44.8,358.41,1.7207999999999999,5,2.5078125,10
2284.0,370364.33,121.5129333,37.43374108,44.8,358.41,1.872,5,2.75,10
2284.0,370364.43,121.51293326,37.4337416,44.8,358.44,2.196,5,2.90625,10
2284.0,370364.53,121.51293323,37.43374222,44.8,358.47,2.6352,5,2.8671875,10
2284.0,370364.63,121.51293318,37.43374293,44.8,358.44,2.988,5,3.09375,10
2284.0,370364.73,121.51293315,37.43374368,44.81,358.41,3.1176,5,3.2109375,10
2284.0,370364.83,121.51293308,37.43374449,44.8,358.41,3.1464,5,3.3984375,10
2284.0,370364.93,121.51293308,37.43374528,44.8,358.51,2.9663999999999997,5,3.453125,10
2284.0,370365.03,121.51293304,37.433746,44.81,358.46,3.0528,5,3.515625,10
2284.0,370365.13,121.51293301,37.43374681,44.81,358.52,3.15,5,3.5703125,10
2284.0,370365.23,121.512933,37.43374762,44.81,358.69,3.186,5,3.609375,10
2284.0,370365.33,121.51293297,37.43374844,44.81,358.68,3.5856,5,3.71875,10
2284.0,370365.43,121.51293292,37.4337493,44.81,358.74,3.5784000000000002,5,3.6640625,10
2284.0,370365.53,121.51293288,37.43375014,44.81,358.78,3.2256,5,3.71875,10
2284.0,370365.63,121.51293281,37.43375102,44.81,359.01,3.114,5,3.859375,10
2284.0,370365.73,121.51293277,37.43375191,44.81,359.2,3.6504000000000003,5,3.875,10
2284.0,370365.83,121.51293262,37.43375283,44.81,359.12,4.2623999999999995,5,3.890625,10
2284.0,370365.93,121.51293252,37.43375377,44.81,359.07,4.1724000000000006,5,4.0625,10
2284.0,370366.04,121.51293244,37.43375486,44.81,359.11,3.5352,5,4.125,10
2284.0,370366.13,121.51293248,37.43375574,44.81,359.27,3.7691999999999997,5,4.1953125,10
2284.0,370366.23,121.51293246,37.43375671,44.81,359.2,3.8916,5,4.234375,10
2284.0,370366.33,121.51293246,37.43375763,44.81,359.19,3.9204,5,4.3671875,10
2284.0,370366.42,121.51293244,37.43375848,44.81,359.22,3.492,5,4.234375,10
2284.0,370366.53,121.51293246,37.43375952,44.82,359.34,3.8988,5,4.2734375,10
2284.0,370366.63,121.51293239,37.43376049,44.82,359.29,4.1544,5,4.234375,10
2284.0,370366.73,121.5129324,37.43376144,44.83,359.17,4.1975999999999996,5,4.328125,10
2284.0,370366.83,121.51293238,37.43376248,44.83,359.07,3.9492,5,4.2734375,10
2284.0,370366.93,121.51293241,37.43376353,44.83,359.13,3.8916,5,4.2890625,10
2284.0,370367.03,121.51293248,37.43376465,44.83,359.39,3.8664000000000005,5,4.390625,10
2284.0,370367.13,121.51293246,37.43376573,44.83,359.5,4.5360000000000005,5,4.3671875,10
2284.0,370367.23,121.51293236,37.43376677,44.83,359.34,4.978800000000001,5,4.390625,10
2284.0,370367.33,121.51293237,37.43376782,44.84,359.24,4.2264,5,4.5,10
2284.0,370367.43,121.51293243,37.43376892,44.84,359.38,3.6395999999999997,5,4.5390625,10
2284.0,370367.53,121.5129325,37.43376997,44.84,359.57,3.7188,5,4.5,10
2284.0,370367.63,121.51293251,37.43377099,44.85,359.76,4.2048,5,4.3515625,10
2284.0,370367.73,121.51293246,37.43377196,44.86,359.65,4.806,5,4.3515625,10
2284.0,370367.83,121.51293234,37.433773,44.85,359.39,3.7656,5,4.4453125,10
2284.0,370367.93,121.51293229,37.43377401,44.85,359.49,3.6683999999999997,5,4.4296875,10
2284.0,370368.03,121.51293226,37.43377507,44.85,359.66,3.8771999999999998,5,4.4453125,10
2284.0,370368.13,121.51293214,37.43377605,44.86,359.49,4.4172,5,4.4453125,10
2284.0,370368.23,121.51293207,37.43377711,44.85,359.29,4.4784,5,4.4609375,10
2284.0,370368.33,121.51293201,37.43377813,44.85,359.17,4.212,5,4.5625,10
2284.0,370368.43,121.51293198,37.43377924,44.85,359.33,3.8520000000000003,5,4.5625,10
2284.0,370368.53,121.51293191,37.43378033,44.85,359.4,4.2228,5,4.4296875,10
2284.0,370368.63,121.51293176,37.43378142,44.85,359.32,4.77,5,4.4296875,10
2284.0,370368.73,121.51293165,37.43378249,44.85,359.14,4.4424,5,4.390625,10
2284.0,370368.83,121.51293148,37.43378359,44.85,359.06,4.010400000000001,5,4.390625,10
2284.0,370368.93,121.51293146,37.43378466,44.84,359.23,3.906,5,4.4296875,10
2284.0,370369.03,121.51293142,37.43378572,44.85,359.33,4.4136,5,4.4296875,10
2284.0,370369.13,121.51293135,37.43378669,44.85,359.14,4.3416,5,4.4296875,10
2284.0,370369.23,121.51293139,37.43378774,44.85,359.11,3.7116,5,4.5234375,10
2284.0,370369.33,121.51293149,37.43378877,44.86,359.19,4.0356000000000005,5,4.484375,10
2284.0,370369.43,121.51293149,37.43378981,44.86,359.11,4.0752,5,4.5,10
2284.0,370369.53,121.51293151,37.43379081,44.86,359.14,4.5611999999999995,5,4.5234375,10
2284.0,370369.63,121.51293139,37.43379188,44.86,359.07,4.118399999999999,5,4.3671875,10
2284.0,370369.73,121.51293134,37.43379302,44.86,359.32,4.446000000000001,5,4.3671875,10
2284.0,370369.83,121.51293118,37.43379414,44.86,359.45,4.3416,5,4.5,10
2284.0,370369.93,121.51293106,37.43379529,44.86,359.76,4.7556,5,4.5,10
2284.0,370370.03,121.51293087,37.43379636,44.85,359.78,4.4496,5,4.5625,10
2284.0,370370.13,121.51293078,37.43379747,44.85,359.95,4.2984,5,4.578125,10
2284.0,370370.23,121.51293071,37.43379857,44.85,0.06,4.1472,5,4.59375,10
2284.0,370370.33,121.51293069,37.43379969,44.85,0.12,4.2696,5,4.5625,10
2284.0,370370.43,121.51293065,37.43380078,44.86,359.94,4.553999999999999,5,4.59375,10
2284.0,370370.53,121.51293066,37.43380188,44.86,359.81,4.3632,5,4.6171875,10
2284.0,370370.63,121.51293061,37.43380301,44.86,359.76,4.2552,5,4.65625,10
2284.0,370370.73,121.5129306,37.43380417,44.86,359.78,4.543200000000001,5,4.8046875,10
2284.0,370370.83,121.51293052,37.43380533,44.86,359.61,4.8456,5,4.828125,10
2284.0,370370.93,121.5129305,37.43380643,44.86,359.42,4.4784,5,4.7265625,10
2284.0,370371.03,121.51293052,37.43380754,44.86,359.42,4.3056,5,4.75,10
2284.0,370371.13,121.51293053,37.43380867,44.87,359.54,4.3596,5,4.6953125,10
2284.0,370371.23,121.51293048,37.43380978,44.87,359.55,4.7304,5,4.828125,10
2284.0,370371.33,121.51293044,37.43381091,44.87,359.46,4.881600000000001,5,4.8984375,10
2284.0,370371.43,121.51293037,37.43381213,44.87,359.23,4.4712000000000005,5,4.828125,10
2284.0,370371.53,121.51293039,37.43381332,44.88,359.26,4.2336,5,4.8671875,10
2284.0,370371.63,121.51293034,37.43381447,44.88,359.22,4.3848,5,4.8828125,10
2284.0,370371.73,121.51293028,37.43381554,44.88,358.92,4.8708,5,4.9765625,10
2284.0,370371.83,121.51293023,37.43381672,44.88,358.63,4.9608,5,4.8984375,10
2284.0,370371.93,121.51293019,37.4338179,44.87,358.56,4.3272,5,4.921875,10
2284.0,370372.03,121.51293017,37.43381911,44.87,358.68,4.3740000000000006,5,5.0,10
2284.0,370372.13,121.51293007,37.43382022,44.87,358.66,4.6008000000000004,5,4.8984375,10
2284.0,370372.23,121.51292994,37.43382133,44.87,358.65,4.4856,5,4.8671875,10
2284.0,370372.33,121.5129298,37.43382239,44.88,358.61,4.5648,5,4.9375,10
2284.0,370372.43,121.51292963,37.43382345,44.88,358.46,4.0752,5,4.828125,10
2284.0,370372.53,121.51292956,37.43382464,44.87,358.56,4.284,5,4.828125,10
2284.0,370372.63,121.51292943,37.43382581,44.87,358.48,4.680000000000001,5,4.765625,10
2284.0,370372.73,121.51292927,37.43382691,44.87,358.21,4.6080000000000005,5,4.828125,10
2284.0,370372.83,121.51292923,37.43382805,44.87,358.01,4.7952,5,4.765625,10
2284.0,370372.93,121.51292922,37.43382917,44.87,357.7,4.6080000000000005,5,4.765625,10
2284.0,370373.03,121.51292922,37.43383032,44.88,357.58,4.5252,5,4.8046875,10
2284.0,370373.13,121.51292925,37.43383152,44.88,357.71,4.4388000000000005,5,4.7265625,10
2284.0,370373.23,121.5129291,37.43383267,44.88,357.78,4.687200000000001,5,4.7265625,10
2284.0,370373.33,121.51292893,37.43383385,44.87,357.97,4.95,5,4.828125,10
2284.0,370373.43,121.51292863,37.43383501,44.87,357.94,4.806,5,4.7265625,10
2284.0,370373.53,121.51292836,37.43383612,44.86,357.94,4.460400000000001,5,4.7265625,10
2284.0,370373.63,121.5129282,37.43383719,44.86,358.01,3.8160000000000003,5,4.7265625,10
2284.0,370373.74,121.51292812,37.43383831,44.86,358.0,3.8952000000000004,5,4.65625,10
2284.0,370373.83,121.51292813,37.43383921,44.86,357.87,4.4172,5,4.6171875,10
2284.0,370373.93,121.51292814,37.4338403,44.87,357.77,4.7484,5,4.7109375,10
2284.0,370374.03,121.5129281,37.43384146,44.87,357.67,4.7124,5,4.7890625,10
2284.0,370374.13,121.51292809,37.43384268,44.87,357.76,4.543200000000001,5,4.7265625,10
2284.0,370374.23,121.51292798,37.43384385,44.87,357.8,4.6944,5,4.7265625,10
2284.0,370374.33,121.51292783,37.43384498,44.87,357.76,4.4964,5,4.75,10
2284.0,370374.43,121.51292772,37.4338461,44.87,357.75,4.662,5,4.6953125,10
2284.0,370374.53,121.51292761,37.43384719,44.87,357.65,4.3992,5,4.7265625,10
2284.0,370374.63,121.51292758,37.43384834,44.87,357.73,4.5864,5,4.84375,10
2284.0,370374.73,121.51292753,37.43384943,44.87,357.65,4.2228,5,4.765625,10
2284.0,370374.83,121.51292747,37.43385053,44.87,357.58,4.323600000000001,5,4.75,10
2284.0,370374.93,121.51292745,37.43385161,44.88,357.47,4.2408,5,4.7890625,10
2284.0,370375.03,121.5129275,37.43385273,44.88,357.54,4.4928,5,4.7265625,10
2284.0,370375.13,121.51292739,37.43385382,44.88,357.47,4.9212,5,4.8671875,10
2284.0,370375.23,121.51292733,37.43385499,44.88,357.55,4.2192,5,4.8828125,10
2284.0,370375.33,121.51292724,37.43385613,44.88,357.73,4.5396,5,4.84375,10
2284.0,370375.43,121.51292714,37.4338573,44.87,357.84,4.8996,5,4.828125,10
2284.0,370375.53,121.51292697,37.43385844,44.87,357.74,4.8276,5,4.8671875,10
2284.0,370375.63,121.51292681,37.43385951,44.87,357.63,4.0788,5,4.8828125,10
2284.0,370375.73,121.51292672,37.4338607,44.87,357.84,4.2336,5,4.7890625,10
2284.0,370375.83,121.51292657,37.43386181,44.87,357.96,4.5648,5,4.7890625,10
2284.0,370375.93,121.51292631,37.43386291,44.87,357.85,5.166,5,4.7890625,10
2284.0,370376.03,121.51292609,37.43386404,44.86,357.72,4.6044,5,4.8984375,10
2284.0,370376.13,121.51292597,37.43386529,44.85,357.91,4.4964,5,4.84375,10
2284.0,370376.23,121.51292587,37.43386645,44.85,358.05,4.4388000000000005,5,4.8984375,10
2284.0,370376.34,121.5129258,37.43386767,44.85,358.1,4.4244,5,4.8671875,10
2284.0,370376.44,121.51292587,37.4338688,44.86,358.01,4.968,5,4.8828125,10
2284.0,370376.53,121.51292588,37.43386981,44.86,357.82,4.3524,5,4.828125,10
2284.0,370376.63,121.51292598,37.43387101,44.87,357.98,4.5072,5,4.828125,10
2284.0,370376.73,121.51292597,37.43387222,44.87,358.17,4.5324,5,4.765625,10
2284.0,370376.83,121.51292591,37.43387343,44.87,358.26,5.1588,5,4.8984375,10
2284.0,370376.94,121.51292566,37.43387464,44.87,357.98,5.3100000000000005,5,4.8046875,10
2284.0,370377.03,121.51292552,37.43387567,44.87,357.97,4.2264,5,4.7890625,10
2284.0,370377.13,121.51292548,37.43387688,44.87,358.22,4.23,5,4.7109375,10
2284.0,370377.23,121.51292541,37.43387795,44.87,358.32,4.5252,5,4.765625,10
2284.0,370377.33,121.51292534,37.43387903,44.87,358.27,4.806,5,4.84375,10
2284.0,370377.43,121.51292539,37.43388015,44.87,358.16,4.4136,5,4.75,10
2284.0,370377.53,121.51292532,37.43388128,44.87,358.18,4.5288,5,4.671875,10
2284.0,370377.63,121.51292521,37.43388244,44.87,358.36,4.5972,5,4.6953125,10
2284.0,370377.73,121.51292503,37.43388355,44.87,358.39,4.4748,5,4.65625,10
2284.0,370377.83,121.51292485,37.43388467,44.86,358.41,4.309200000000001,5,4.65625,10
2284.0,370377.93,121.51292476,37.43388579,44.86,358.42,4.3020000000000005,5,4.65625,10
2284.0,370378.03,121.51292481,37.43388689,44.87,358.29,4.323600000000001,5,4.6328125,10
2284.0,370378.14,121.51292491,37.43388809,44.88,358.17,4.3668000000000005,5,4.75,10
2284.0,370378.23,121.51292502,37.43388909,44.88,358.07,4.3848,5,4.75,10
2284.0,370378.33,121.51292513,37.43389027,44.89,358.23,4.7808,5,4.6953125,10
2284.0,370378.43,121.51292517,37.43389148,44.89,358.29,4.6584,5,4.7890625,10
2284.0,370378.53,121.5129251,37.43389269,44.88,358.32,4.7916,5,4.8046875,10
2284.0,370378.63,121.51292503,37.43389384,44.89,358.3,4.6259999999999994,5,4.8828125,10
2284.0,370378.73,121.51292489,37.43389501,44.88,358.37,4.7268,5,4.8984375,10
2284.0,370378.83,121.51292476,37.43389614,44.87,358.43,4.6404,5,4.921875,10
2284.0,370378.93,121.51292458,37.43389727,44.87,358.4,4.7268,5,4.921875,10
2284.0,370379.03,121.5129245,37.43389844,44.87,358.39,4.32,5,4.9609375,10
2284.0,370379.14,121.51292447,37.43389974,44.87,358.36,4.644,5,4.9375,10
2284.0,370379.23,121.51292438,37.43390079,44.87,358.13,4.8708,5,4.8984375,10
2284.0,370379.34,121.51292437,37.43390207,44.87,358.07,4.7376000000000005,5,4.9375,10
2284.0,370379.43,121.51292433,37.43390311,44.87,358.02,4.5828,5,4.8984375,10
2284.0,370379.53,121.51292427,37.43390427,44.87,358.02,4.5252,5,4.8671875,10
2284.0,370379.63,121.51292417,37.43390538,44.88,357.98,4.5864,5,4.9375,10
2284.0,370379.73,121.51292407,37.43390657,44.87,358.15,4.5864,5,4.828125,10
2284.0,370379.83,121.51292393,37.43390777,44.87,358.27,5.166,5,4.84375,10
2284.0,370379.93,121.51292365,37.43390891,44.87,358.19,5.122800000000001,5,4.921875,10
2284.0,370380.03,121.51292349,37.43391015,44.86,358.37,4.7124,5,4.8828125,10
2284.0,370380.13,121.51292331,37.43391135,44.86,358.41,4.5864,5,4.8984375,10
2284.0,370380.23,121.51292324,37.43391248,44.85,358.42,4.4172,5,4.8828125,10
2284.0,370380.33,121.5129232,37.43391356,44.86,358.1,4.896000000000001,5,4.9765625,10
2284.0,370380.43,121.51292324,37.43391469,44.86,357.85,4.388400000000001,5,4.84375,10
2284.0,370380.53,121.51292332,37.43391583,44.87,357.99,4.3272,5,4.8046875,10
2284.0,370380.63,121.51292329,37.43391693,44.86,358.13,4.482,5,4.8046875,10
2284.0,370380.73,121.51292314,37.43391803,44.87,358.17,4.914,5,4.828125,10
2284.0,370380.83,121.51292296,37.43391914,44.86,358.25,4.4172,5,4.7265625,10
2284.0,370380.93,121.51292272,37.43392027,44.86,358.39,4.7196,5,4.75,10
2284.0,370381.03,121.51292258,37.43392146,44.85,358.59,4.878,5,4.7109375,10
2284.0,370381.13,121.51292246,37.43392266,44.85,358.51,4.968,5,4.7109375,10
2284.0,370381.23,121.5129224,37.43392384,44.85,358.45,4.5468,5,4.828125,10
2284.0,370381.34,121.51292237,37.43392508,44.85,358.27,4.5756,5,4.8046875,10
2284.0,370381.43,121.51292234,37.43392605,44.85,358.05,4.3308,5,4.765625,10
2284.0,370381.53,121.51292222,37.43392709,44.86,357.79,3.9852,5,4.765625,10
2284.0,370381.63,121.51292217,37.43392817,44.86,357.9,4.2804,5,4.671875,10
2284.0,370381.73,121.51292202,37.43392929,44.86,357.88,4.6296,5,4.7265625,10
2284.0,370381.83,121.51292194,37.43393043,44.86,357.98,4.8276,5,4.8671875,10
2284.0,370381.94,121.51292182,37.43393167,44.86,358.08,4.6656,5,4.765625,10
2284.0,370382.03,121.51292184,37.43393271,44.87,358.27,4.3452,5,4.8046875,10
2284.0,370382.13,121.51292183,37.43393383,44.87,358.27,4.5468,5,4.7890625,10
2284.0,370382.23,121.51292185,37.43393495,44.87,358.14,4.6979999999999995,5,4.8984375,10
2284.0,370382.33,121.51292183,37.43393604,44.87,357.95,4.2048,5,4.8828125,10
2284.0,370382.44,121.51292183,37.43393726,44.87,358.07,4.3128,5,4.8046875,10
2284.0,370382.53,121.51292167,37.43393826,44.88,358.1,4.6656,5,4.7890625,10
2284.0,370382.63,121.51292148,37.4339394,44.87,358.11,4.8672,5,4.7109375,10
2284.0,370382.73,121.51292128,37.43394053,44.87,358.13,4.3596,5,4.7890625,10
2284.0,370382.83,121.51292114,37.43394173,44.87,358.28,4.6188,5,4.84375,10
2284.0,370382.93,121.51292112,37.43394288,44.88,358.3,4.8204,5,4.828125,10
2284.0,370383.03,121.51292115,37.43394404,44.88,358.17,4.7988,5,4.828125,10
2284.0,370383.13,121.51292117,37.43394515,44.88,358.01,4.5756,5,4.828125,10
2284.0,370383.23,121.51292119,37.43394634,44.88,358.18,4.6512,5,4.921875,10
2284.0,370383.33,121.51292096,37.43394747,44.87,358.3,4.388400000000001,5,4.8046875,10
2284.0,370383.43,121.51292063,37.43394857,44.86,358.6,4.381200000000001,5,4.8046875,10
2284.0,370383.54,121.51292031,37.43394983,44.86,358.82,4.9248,5,4.7890625,10
2284.0,370383.64,121.51292,37.43395101,44.85,358.54,5.194800000000001,5,4.8671875,10
2284.0,370383.73,121.51291996,37.43395203,44.85,358.37,4.3596,5,4.7890625,10
2284.0,370383.83,121.5129201,37.43395318,44.86,358.36,4.05,5,4.7890625,10
2284.0,370383.93,121.51292028,37.43395427,44.87,358.17,4.6116,5,4.765625,10
2284.0,370384.03,121.51292044,37.43395537,44.88,357.86,4.467600000000001,5,4.7265625,10
2284.0,370384.14,121.51292058,37.43395663,44.89,357.94,4.6368,5,4.828125,10
2284.0,370384.24,121.51292048,37.43395777,44.88,357.87,4.5,5,4.7265625,10
2284.0,370384.33,121.51292031,37.43395881,44.88,357.94,4.7124,5,4.7265625,10
2284.0,370384.43,121.51292006,37.43395994,44.88,357.98,4.5648,5,4.7265625,10
2284.0,370384.53,121.51291983,37.43396106,44.88,358.07,4.543200000000001,5,4.7109375,10
2284.0,370384.63,121.51291966,37.43396218,44.88,358.09,4.7808,5,4.765625,10
2284.0,370384.74,121.51291955,37.43396342,44.87,358.05,4.5396,5,4.8671875,10
2284.0,370384.83,121.51291956,37.43396446,44.88,358.16,4.3020000000000005,5,4.828125,10
2284.0,370384.93,121.51291956,37.43396565,44.88,358.26,4.6584,5,4.8828125,10
2284.0,370385.03,121.5129196,37.43396679,44.88,358.13,5.0184,5,4.8828125,10
2284.0,370385.13,121.51291955,37.43396794,44.88,357.86,4.356,5,5.0,10
2284.0,370385.24,121.51291955,37.43396923,44.88,357.92,4.248,5,4.9375,10
2284.0,370385.33,121.51291951,37.43397027,44.88,357.93,4.77,5,4.8671875,10
2284.0,370385.43,121.51291943,37.4339714,44.89,357.84,5.0292,5,5.0,10
2284.0,370385.53,121.51291933,37.43397258,44.88,357.72,4.7484,5,4.921875,10
2284.0,370385.63,121.51291923,37.43397376,44.88,357.76,4.5252,5,4.8671875,10
2284.0,370385.73,121.51291914,37.43397496,44.88,357.84,4.77,5,5.015625,10
2284.0,370385.84,121.51291899,37.43397624,44.88,357.69,4.6224,5,4.9375,10
2284.0,370385.93,121.51291891,37.43397732,44.88,357.78,4.8024000000000004,5,4.8984375,10
2284.0,370386.03,121.51291879,37.43397846,44.88,357.72,4.5648,5,5.0,10
2284.0,370386.13,121.51291871,37.4339797,44.88,357.85,4.6548,5,4.8671875,10
2284.0,370386.23,121.51291859,37.43398089,44.88,357.87,4.7736,5,4.8671875,10
2284.0,370386.33,121.51291848,37.43398204,44.88,357.85,4.3128,5,4.9609375,10
2284.0,370386.43,121.51291833,37.43398315,44.88,357.84,4.6979999999999995,5,4.84375,10
2284.0,370386.53,121.51291823,37.43398428,44.88,357.66,4.716,5,4.8671875,10
2284.0,370386.63,121.51291812,37.43398543,44.88,357.56,4.6584,5,4.8046875,10
2284.0,370386.73,121.51291811,37.43398661,44.88,357.65,4.323600000000001,5,4.8828125,10
2284.0,370386.83,121.51291804,37.43398776,44.88,357.82,4.7412,5,4.828125,10
2284.0,370386.93,121.51291797,37.4339889,44.88,357.79,4.9608,5,4.84375,10
2284.0,370387.03,121.51291786,37.43399011,44.88,357.8,4.6296,5,4.7890625,10
2284.0,370387.13,121.51291783,37.43399131,44.88,357.82,4.716,5,4.8828125,10
2284.0,370387.23,121.51291772,37.43399251,44.87,357.8,4.59,5,4.8046875,10
2284.0,370387.34,121.51291763,37.4339938,44.87,357.88,4.888800000000001,5,4.828125,10
2284.0,370387.43,121.51291751,37.43399484,44.87,357.91,4.5144,5,4.7890625,10
2284.0,370387.53,121.51291739,37.43399598,44.87,358.08,4.986,5,4.7890625,10
2284.0,370387.63,121.51291729,37.43399715,44.86,358.11,4.7772,5,4.828125,10
2284.0,370387.73,121.51291714,37.43399829,44.86,358.08,4.482,5,4.765625,10
2284.0,370387.83,121.51291713,37.43399947,44.85,358.13,4.323600000000001,5,4.75,10
2284.0,370387.94,121.51291702,37.43400068,44.85,357.92,4.6764,5,4.7265625,10
2284.0,370388.03,121.51291694,37.43400168,44.85,357.74,4.244400000000001,5,4.65625,10
2284.0,370388.13,121.51291684,37.4340028,44.85,357.75,4.6476,5,4.6953125,10
2284.0,370388.23,121.5129167,37.43400391,44.85,357.67,4.395600000000001,5,4.65625,10
2284.0,370388.33,121.51291657,37.434005,44.85,357.84,4.176,5,4.6953125,10
2284.0,370388.44,121.5129164,37.43400621,44.84,358.02,4.2912,5,4.7265625,10
2284.0,370388.53,121.51291633,37.43400718,44.84,358.01,4.4856,5,4.671875,10
2284.0,370388.63,121.51291625,37.43400828,44.84,357.86,4.6584,5,4.6953125,10
2284.0,370388.73,121.51291626,37.43400938,44.84,357.76,4.251600000000001,5,4.671875,10
2284.0,370388.83,121.51291629,37.43401049,44.85,357.79,4.248,5,4.7890625,10
2284.0,370388.93,121.51291622,37.4340116,44.85,357.73,4.680000000000001,5,4.765625,10
2284.0,370389.04,121.51291613,37.43401286,44.85,357.76,4.5828,5,4.921875,10
2284.0,370389.13,121.51291604,37.43401392,44.84,357.83,4.8204,5,4.9375,10
2284.0,370389.23,121.51291587,37.43401506,44.84,357.77,4.6656,5,4.921875,10
2284.0,370389.33,121.51291585,37.43401619,44.84,357.79,4.2264,5,4.8984375,10
2284.0,370389.43,121.5129158,37.43401731,44.84,357.75,4.759200000000001,5,4.9375,10
2284.0,370389.53,121.5129158,37.43401843,44.85,357.49,4.5,5,5.0,10
2284.0,370389.63,121.51291583,37.43401961,44.85,357.54,4.3668000000000005,5,5.0546875,10
2284.0,370389.73,121.51291589,37.43402082,44.85,357.64,5.0112,5,5.03125,10
2284.0,370389.83,121.51291582,37.43402204,44.85,357.52,5.256,5,5.03125,10
2284.0,370389.93,121.51291579,37.43402325,44.85,357.55,4.7268,5,5.09375,10
2284.0,370390.02,121.51291577,37.43402436,44.85,357.68,4.572,5,5.0703125,10
2284.0,370390.14,121.5129157,37.43402581,44.85,357.69,4.464,5,5.109375,10
2284.0,370390.23,121.5129156,37.43402688,44.85,357.7,5.382000000000001,5,5.1328125,10
2284.0,370390.33,121.51291546,37.43402808,44.85,357.56,5.0687999999999995,5,5.1328125,10
2284.0,370390.43,121.5129153,37.43402938,44.85,357.73,5.1912,5,5.1328125,10
2284.0,370390.53,121.51291512,37.43403069,44.84,357.81,5.0652,5,5.1484375,10
2284.0,370390.63,121.51291494,37.43403198,44.83,357.97,5.1516,5,5.1640625,10
2284.0,370390.74,121.51291472,37.43403338,44.83,357.99,5.004,5,5.203125,10
2284.0,370390.83,121.51291462,37.43403453,44.83,358.1,5.425199999999999,5,5.2421875,10
2284.0,370390.93,121.51291454,37.43403574,44.83,358.02,4.888800000000001,5,5.203125,10
2284.0,370391.03,121.51291458,37.43403699,44.82,358.21,4.6656,5,5.28125,10
2284.0,370391.13,121.51291463,37.43403822,44.83,358.27,5.0687999999999995,5,5.1640625,10
2284.0,370391.24,121.51291461,37.43403957,44.83,358.09,5.0796,5,5.1484375,10
2284.0,370391.33,121.51291458,37.43404065,44.83,358.07,4.5108,5,5.1328125,10
2284.0,370391.43,121.51291464,37.43404191,44.83,358.3,4.86,5,5.1484375,10
2284.0,370391.53,121.51291446,37.43404309,44.83,358.15,5.3352,5,5.1328125,10
2284.0,370391.63,121.51291444,37.43404432,44.83,358.05,4.8996,5,5.1484375,10
2284.0,370391.74,121.51291436,37.43404573,44.82,358.0,4.903200000000001,5,5.1328125,10
2284.0,370391.83,121.51291436,37.43404687,44.83,358.05,4.9572,5,5.1328125,10
2284.0,370391.93,121.51291431,37.4340481,44.82,357.95,4.8384,5,5.1875,10
2284.0,370392.03,121.51291419,37.4340493,44.82,357.88,5.13,5,5.1328125,10
2284.0,370392.13,121.51291414,37.4340505,44.82,357.72,4.7772,5,5.1484375,10
2284.0,370392.23,121.51291405,37.43405174,44.82,357.8,4.6476,5,5.1484375,10
2284.0,370392.34,121.51291394,37.4340531,44.81,357.87,4.7232,5,5.1484375,10
2284.0,370392.43,121.51291379,37.43405416,44.81,357.73,5.1768,5,5.09375,10
2284.0,370392.53,121.51291375,37.43405532,44.81,357.57,4.6944,5,5.0546875,10
2284.0,370392.63,121.5129138,37.43405651,44.81,357.51,4.6979999999999995,5,5.015625,10
2284.0,370392.72,121.51291386,37.43405756,44.82,357.3,4.644,5,5.0,10
2284.0,370392.84,121.51291405,37.43405901,44.82,357.08,4.7016,5,5.0546875,10
2284.0,370392.93,121.51291413,37.43406015,44.82,357.07,4.9392000000000005,5,5.0,10
2284.0,370393.03,121.51291419,37.43406138,44.83,356.98,5.1516,5,5.0,10
2284.0,370393.13,121.51291408,37.43406254,44.83,356.75,4.8096000000000005,5,4.921875,10
2284.0,370393.23,121.51291394,37.43406372,44.82,356.69,4.3524,5,4.8984375,10
2284.0,370393.33,121.5129138,37.43406488,44.82,356.74,4.572,5,4.8828125,10
2284.0,370393.44,121.51291357,37.43406615,44.81,356.53,4.7664,5,4.8828125,10
2284.0,370393.54,121.51291345,37.4340673,44.81,356.36,4.8456,5,4.84375,10
2284.0,370393.63,121.51291336,37.43406833,44.81,356.15,4.3992,5,4.7890625,10
2284.0,370393.73,121.51291333,37.43406947,44.81,356.21,4.32,5,4.7265625,10
2284.0,370393.83,121.51291321,37.43407061,44.8,356.11,4.7844,5,4.765625,10
2284.0,370393.94,121.51291308,37.43407182,44.81,356.15,4.6296,5,4.7890625,10
2284.0,370394.04,121.51291284,37.43407293,44.8,356.14,4.3740000000000006,5,4.7109375,10
2284.0,370394.13,121.51291269,37.43407392,44.8,356.34,4.553999999999999,5,4.65625,10
2284.0,370394.23,121.51291242,37.43407503,44.79,356.29,4.428,5,4.6328125,10
2284.0,370394.33,121.51291221,37.43407609,44.79,356.35,4.4964,5,4.671875,10
2284.0,370394.43,121.51291202,37.43407715,44.78,356.21,4.1616,5,4.671875,10
2284.0,370394.54,121.51291194,37.43407841,44.78,356.31,4.0644,5,4.65625,10
2284.0,370394.63,121.51291182,37.43407938,44.79,356.32,4.687200000000001,5,4.75,10
2284.0,370394.74,121.51291162,37.43408059,44.78,356.16,4.9068000000000005,5,4.8984375,10
2284.0,370394.83,121.51291151,37.43408161,44.77,356.16,4.356,5,4.8671875,10
2284.0,370394.93,121.51291132,37.43408275,44.77,356.25,4.323600000000001,5,4.921875,10
2284.0,370395.03,121.51291121,37.4340839,44.76,356.33,4.6224,5,5.0,10
2284.0,370395.14,121.51291098,37.43408506,44.77,356.14,4.9572,5,4.9609375,10
2284.0,370395.23,121.51291085,37.4340861,44.77,356.05,4.338,5,4.921875,10
2284.0,370395.33,121.51291074,37.43408732,44.76,356.28,4.662,5,5.0546875,10
2284.0,370395.43,121.51291056,37.43408851,44.77,356.42,5.22,5,5.0,10
2284.0,370395.54,121.51291032,37.43408979,44.76,356.41,5.1552,5,5.0546875,10
2284.0,370395.63,121.51291014,37.43409084,44.77,356.45,4.3308,5,5.015625,10
2284.0,370395.73,121.51291001,37.43409203,44.76,356.66,4.4352,5,5.015625,10
2284.0,370395.83,121.51290988,37.43409318,44.77,356.78,4.759200000000001,5,5.015625,10
2284.0,370395.93,121.51290974,37.43409434,44.76,356.73,4.9248,5,5.03125,10
2284.0,370396.03,121.51290961,37.43409548,44.77,356.66,4.9428,5,5.109375,10
2284.0,370396.14,121.51290945,37.43409675,44.77,356.51,4.6259999999999994,5,5.015625,10
2284.0,370396.23,121.51290936,37.43409781,44.77,356.62,4.4172,5,5.03125,10
2284.0,370396.33,121.51290927,37.43409902,44.77,356.66,4.8384,5,5.0703125,10
2284.0,370396.43,121.51290909,37.43410019,44.77,356.45,5.0256,5,5.03125,10
2284.0,370396.53,121.51290898,37.43410135,44.77,356.37,4.932,5,5.09375,10
2284.0,370396.63,121.51290884,37.43410256,44.78,356.39,4.5792,5,5.0703125,10
2284.0,370396.73,121.51290872,37.43410375,44.77,356.61,4.6331999999999995,5,5.109375,10
2284.0,370396.84,121.5129085,37.43410505,44.77,356.76,4.7268,5,5.03125,10
2284.0,370396.93,121.51290831,37.43410609,44.77,356.73,5.0328,5,4.9765625,10
2284.0,370397.03,121.51290817,37.4341073,44.77,356.8,4.6476,5,5.0,10
2284.0,370397.13,121.51290809,37.4341085,44.77,356.79,4.8564,5,5.03125,10
2284.0,370397.24,121.51290805,37.4341098,44.78,356.57,4.6044,5,5.0703125,10
2284.0,370397.33,121.5129081,37.43411086,44.78,356.54,4.266,5,4.9609375,10
2284.0,370397.43,121.51290816,37.43411199,44.79,356.4,4.759200000000001,5,4.8828125,10
2284.0,370397.53,121.51290818,37.43411312,44.8,356.12,4.8456,5,5.0,10
2284.0,370397.64,121.51290825,37.43411446,44.81,356.09,5.252400000000001,5,4.8671875,10
2284.0,370397.73,121.51290821,37.43411555,44.81,356.15,4.392,5,4.828125,10
2284.0,370397.83,121.51290817,37.43411677,44.81,356.46,4.7484,5,4.8671875,10
2284.0,370397.93,121.51290799,37.43411791,44.81,356.41,4.9824,5,4.84375,10
2284.0,370398.04,121.51290774,37.43411923,44.81,356.34,4.7916,5,4.8046875,10
2284.0,370398.14,121.51290752,37.43412041,44.81,356.37,4.6836,5,4.765625,10
2284.0,370398.23,121.51290738,37.43412148,44.81,356.36,4.6656,5,4.765625,10
2284.0,370398.33,121.51290719,37.4341226,44.8,356.24,4.4568,5,4.84375,10
2284.0,370398.43,121.51290711,37.43412376,44.81,356.4,4.5360000000000005,5,4.765625,10
2284.0,370398.53,121.51290701,37.43412488,44.81,356.4,4.5684,5,4.7890625,10
2284.0,370398.64,121.51290693,37.43412616,44.81,356.48,4.3992,5,4.75,10
2284.0,370398.73,121.51290682,37.43412718,44.81,356.51,4.8636,5,4.671875,10
2284.0,370398.83,121.51290668,37.43412837,44.81,356.5,4.3848,5,4.7265625,10
2284.0,370398.93,121.51290655,37.43412951,44.8,356.62,4.6584,5,4.7890625,10
2284.0,370399.03,121.51290642,37.4341306,44.8,356.69,4.3452,5,4.7265625,10
2284.0,370399.14,121.51290627,37.4341319,44.8,356.95,4.309200000000001,5,4.6953125,10
2284.0,370399.23,121.51290617,37.43413292,44.81,357.14,4.3776,5,4.7109375,10
2284.0,370399.33,121.51290613,37.43413405,44.8,357.32,4.2264,5,4.7265625,10
2284.0,370399.43,121.51290609,37.43413518,44.81,357.41,4.986,5,4.7109375,10
2284.0,370399.53,121.51290611,37.43413634,44.81,357.3,4.8708,5,4.8828125,10
2284.0,370399.63,121.5129061,37.43413753,44.82,357.2,4.5324,5,4.8984375,10
2284.0,370399.73,121.51290613,37.43413874,44.82,357.42,4.4568,5,4.921875,10
2284.0,370399.84,121.51290601,37.43414003,44.82,357.45,4.9356,5,4.9375,10
2284.0,370399.93,121.51290585,37.43414106,44.82,357.39,4.5288,5,5.0703125,10
2284.0,370400.03,121.51290563,37.43414225,44.81,357.56,4.7196,5,5.03125,10
2284.0,370400.13,121.51290543,37.43414341,44.81,357.61,4.9356,5,5.0703125,10
2284.0,370400.23,121.51290523,37.43414458,44.81,357.48,4.9967999999999995,5,5.0703125,10
2284.0,370400.34,121.51290512,37.43414589,44.81,357.37,4.6728000000000005,5,5.1328125,10
2284.0,370400.44,121.51290511,37.43414715,44.82,357.51,4.6692,5,5.1328125,10
2284.0,370400.53,121.51290517,37.43414833,44.81,357.68,5.472,5,5.28125,10
2284.0,370400.63,121.51290515,37.43414959,44.81,357.52,5.4323999999999995,5,5.265625,10
2284.0,370400.73,121.51290518,37.43415089,44.82,357.58,4.9248,5,5.296875,10
2284.0,370400.83,121.51290518,37.43415214,44.82,357.62,4.6044,5,5.2421875,10
2284.0,370400.94,121.5129052,37.43415355,44.83,357.63,4.9104,5,5.265625,10
2284.0,370401.03,121.51290513,37.43415466,44.83,357.38,5.2776,5,5.375,10
2284.0,370401.13,121.51290512,37.43415594,44.83,357.27,4.86,5,5.296875,10
2284.0,370401.23,121.512905,37.43415719,44.82,357.17,4.9356,5,5.359375,10
2284.0,370401.33,121.51290488,37.43415847,44.82,357.24,4.8492,5,5.453125,10
2284.0,370401.44,121.51290465,37.43415984,44.82,357.32,5.338800000000001,5,5.359375,10
2284.0,370401.53,121.51290444,37.43416092,44.82,357.24,5.004,5,5.375,10
2284.0,370401.63,121.51290424,37.43416222,44.82,357.49,4.7484,5,5.375,10
2284.0,370401.73,121.51290416,37.43416353,44.81,357.69,5.338800000000001,5,5.4140625,10
2284.0,370401.83,121.51290404,37.43416488,44.81,357.63,5.5008,5,5.3984375,10
2284.0,370401.94,121.51290401,37.43416636,44.81,357.61,5.5440000000000005,5,5.4140625,10
2284.0,370402.04,121.51290391,37.43416766,44.82,357.6,4.9752,5,5.4921875,10
2284.0,370402.13,121.51290385,37.4341688,44.82,357.81,4.759200000000001,5,5.375,10
2284.0,370402.23,121.51290368,37.43417,44.82,357.98,4.9824,5,5.4140625,10
2284.0,370402.33,121.5129035,37.4341712,44.81,357.84,5.1048,5,5.359375,10
2284.0,370402.43,121.51290334,37.43417245,44.81,357.69,5.2272,5,5.4375,10
2284.0,370402.54,121.5129033,37.43417385,44.81,357.6,4.7808,5,5.3203125,10
2284.0,370402.64,121.51290325,37.43417517,44.81,357.69,4.978800000000001,5,5.359375,10
2284.0,370402.73,121.51290324,37.43417634,44.81,357.57,5.7780000000000005,5,5.3984375,10
2284.0,370402.83,121.51290317,37.43417766,44.81,357.37,5.194800000000001,5,5.3203125,10
2284.0,370402.93,121.51290309,37.43417898,44.81,357.57,4.7808,5,5.3359375,10
2284.0,370403.03,121.51290297,37.43418025,44.81,357.75,5.0148,5,5.3203125,10
2284.0,370403.13,121.51290288,37.43418154,44.81,357.93,4.9932,5,5.203125,10
2284.0,370403.24,121.51290277,37.43418289,44.82,357.89,5.3136,5,5.1640625,10
2284.0,370403.33,121.51290274,37.43418397,44.82,357.63,5.0544,5,5.1875,10
2284.0,370403.43,121.51290276,37.43418524,44.82,357.69,4.8276,5,5.1328125,10
2284.0,370403.53,121.51290275,37.43418655,44.83,357.81,4.8528,5,5.1484375,10
2284.0,370403.63,121.51290272,37.43418782,44.82,357.79,5.187600000000001,5,5.1484375,10
2284.0,370403.74,121.51290257,37.43418912,44.83,357.49,4.989599999999999,5,5.109375,10
2284.0,370403.83,121.51290251,37.4341902,44.82,357.26,4.5972,5,5.09375,10
2284.0,370403.93,121.51290242,37.43419141,44.83,357.07,4.824000000000001,5,5.0,10
2284.0,370404.03,121.51290227,37.43419259,44.83,356.67,4.903200000000001,5,5.03125,10
2284.0,370404.13,121.51290207,37.43419381,44.83,356.38,4.9356,5,4.921875,10
2284.0,370404.22,121.51290182,37.4341949,44.83,355.95,4.831200000000001,5,4.921875,10
2284.0,370404.34,121.51290149,37.43419628,44.82,355.29,4.356,5,4.921875,10
2284.0,370404.43,121.51290125,37.43419725,44.82,354.82,4.0968,5,4.84375,10
2284.0,370404.53,121.51290101,37.43419832,44.82,354.12,4.4208,5,4.765625,10
2284.0,370404.63,121.51290065,37.43419931,44.82,353.11,4.2588,5,4.6953125,10
2284.0,370404.73,121.51290033,37.4342003,44.83,352.22,4.0356000000000005,5,4.7265625,10
2284.0,370404.84,121.51289986,37.43420137,44.83,351.01,4.05,5,4.671875,10
2284.0,370404.94,121.51289952,37.43420232,44.83,349.91,3.7224000000000004,5,4.65625,10
2284.0,370405.03,121.51289916,37.43420316,44.83,348.78,3.9240000000000004,5,4.65625,10
2284.0,370405.13,121.51289881,37.43420415,44.83,347.64,4.3308,5,4.6171875,10
2284.0,370405.23,121.51289836,37.4342051,44.84,346.22,4.014,5,4.65625,10
2284.0,370405.33,121.51289792,37.43420603,44.84,344.95,3.7476,5,4.7109375,10
2284.0,370405.44,121.5128973,37.43420696,44.84,343.25,3.9024000000000005,5,4.6328125,10
2284.0,370405.53,121.5128967,37.43420771,44.83,341.69,4.1436,5,4.6328125,10
2284.0,370405.63,121.512896,37.43420853,44.83,340.05,4.0356000000000005,5,4.65625,10
2284.0,370405.73,121.51289519,37.43420926,44.83,338.44,3.6971999999999996,5,4.6328125,10
2284.0,370405.83,121.51289443,37.43420999,44.83,337.03,3.8304000000000005,5,4.6953125,10
2284.0,370405.94,121.51289357,37.43421081,44.83,335.15,4.1004000000000005,5,4.65625,10
2284.0,370406.04,121.51289281,37.43421155,44.83,333.17,4.010400000000001,5,4.65625,10
2284.0,370406.13,121.51289212,37.43421226,44.83,331.65,3.7548,5,4.7109375,10
2284.0,370406.23,121.51289127,37.43421299,44.83,329.88,4.2012,5,4.84375,10
2284.0,370406.33,121.51289039,37.43421371,44.82,328.33,4.158,5,4.84375,10
2284.0,370406.43,121.51288923,37.43421428,44.81,326.71,4.5252,5,4.8828125,10
2284.0,370406.54,121.51288792,37.43421491,44.8,325.08,4.644,5,4.9765625,10
2284.0,370406.63,121.51288677,37.43421536,44.79,323.82,4.4352,5,5.0,10
2284.0,370406.73,121.51288557,37.43421588,44.78,322.07,4.2264,5,4.9609375,10
2284.0,370406.83,121.51288448,37.43421648,44.78,320.33,4.4424,5,5.109375,10
2284.0,370406.93,121.51288339,37.43421702,44.78,318.49,4.0752,5,5.0703125,10
2284.0,370407.04,121.51288233,37.43421757,44.78,316.38,3.6576,5,5.1640625,10
2284.0,370407.13,121.51288147,37.43421803,44.78,314.68,3.2112000000000003,5,5.0703125,10
2284.0,370407.23,121.51288054,37.43421859,44.78,312.98,3.582,5,5.0,10
2284.0,370407.33,121.51287966,37.43421877,44.79,310.7,3.9276,5,4.9765625,10
2284.0,370407.43,121.51287878,37.43421921,44.8,308.52,3.636,5,4.8828125,10
2284.0,370407.54,121.51287769,37.43421981,44.81,306.25,3.7043999999999997,5,4.921875,10
2284.0,370407.64,121.51287679,37.43422038,44.82,304.15,3.6323999999999996,5,4.9375,10
2284.0,370407.73,121.51287584,37.43422088,44.82,302.24,3.8232000000000004,5,4.8984375,10
2284.0,370407.83,121.51287481,37.43422143,44.84,300.31,4.615200000000001,5,4.84375,10
2284.0,370407.93,121.51287354,37.43422191,44.84,298.34,4.5576,5,5.0,10
2284.0,370408.03,121.51287221,37.43422231,44.83,296.57,4.464,5,4.9375,10
2284.0,370408.14,121.51287093,37.43422257,44.83,294.5,4.0356000000000005,5,4.8984375,10
2284.0,370408.24,121.51286974,37.43422274,44.84,292.7,4.1364,5,4.9609375,10
2284.0,370408.33,121.51286851,37.43422287,44.83,291.31,4.3632,5,4.8046875,10
2284.0,370408.43,121.51286715,37.43422283,44.82,289.6,4.4496,5,4.828125,10
2284.0,370408.54,121.51286557,37.43422279,44.82,287.99,4.6188,5,4.75,10
2284.0,370408.64,121.51286411,37.43422269,44.81,286.61,4.824000000000001,5,4.84375,10
2284.0,370408.73,121.51286286,37.43422257,44.81,285.07,4.3848,5,4.8046875,10
2284.0,370408.83,121.51286157,37.43422249,44.81,283.45,3.8411999999999997,5,4.7890625,10
2284.0,370408.93,121.5128604,37.43422232,44.8,281.81,3.87,5,4.8046875,10
2284.0,370409.04,121.51285911,37.43422214,44.8,280.07,3.7188,5,4.75,10
2284.0,370409.14,121.51285793,37.43422202,44.8,278.46,3.9132,5,4.828125,10
2284.0,370409.23,121.51285685,37.43422187,44.8,276.77,4.032000000000001,5,4.828125,10
2284.0,370409.33,121.51285568,37.43422174,44.8,274.98,3.654,5,4.7109375,10
2284.0,370409.43,121.51285455,37.43422162,44.8,273.19,3.7296,5,4.7109375,10
2284.0,370409.54,121.51285326,37.43422149,44.81,271.01,4.1148,5,4.671875,10
2284.0,370409.64,121.51285211,37.43422135,44.82,269.08,4.0788,5,4.6953125,10
2284.0,370409.74,121.51285095,37.43422114,44.82,267.31,3.5964,5,4.65625,10
2284.0,370409.83,121.51284993,37.43422092,44.82,266.05,3.6648,5,4.7109375,10
2284.0,370409.93,121.51284881,37.43422062,44.81,264.35,4.1148,5,4.84375,10
2284.0,370410.03,121.51284777,37.43422012,44.8,262.31,4.0212,5,4.828125,10
2284.0,370410.14,121.5128467,37.43421959,44.8,260.32,3.7908,5,4.8046875,10
2284.0,370410.24,121.51284577,37.43421907,44.8,258.81,3.5352,5,4.7890625,10
2284.0,370410.33,121.51284491,37.43421862,44.79,257.42,3.6323999999999996,5,4.6953125,10
2284.0,370410.43,121.51284405,37.43421817,44.8,255.55,4.0752,5,4.765625,10
2284.0,370410.53,121.51284309,37.43421773,44.81,253.63,3.564,5,4.75,10
2284.0,370410.64,121.51284201,37.43421725,44.81,251.59,3.7008,5,4.65625,10
2284.0,370410.74,121.51284093,37.43421684,44.82,249.82,3.4884,5,4.671875,10
2284.0,370410.83,121.51284004,37.43421642,44.82,248.45,3.8088,5,4.6953125,10
2284.0,370410.93,121.51283911,37.43421587,44.82,246.59,4.248,5,4.6953125,10
2284.0,370411.03,121.51283821,37.43421534,44.83,244.76,4.0644,5,4.6328125,10
2284.0,370411.13,121.51283728,37.43421477,44.83,243.11,3.2796000000000003,5,4.7265625,10
2284.0,370411.24,121.51283645,37.43421417,44.84,241.31,3.0456,5,4.7265625,10
2284.0,370411.34,121.51283551,37.43421357,44.84,239.72,3.9564,5,4.7265625,10
2284.0,370411.44,121.51283468,37.43421282,44.84,237.83,4.5468,5,4.671875,10
2284.0,370411.53,121.51283399,37.43421205,44.84,235.94,4.7016,5,4.765625,10
2284.0,370411.63,121.51283316,37.43421121,44.84,234.25,3.9852,5,4.8046875,10
2284.0,370411.74,121.5128324,37.43421025,44.83,232.7,3.5928,5,4.765625,10
2284.0,370411.83,121.51283192,37.43420949,44.84,231.51,3.9204,5,4.8984375,10
2284.0,370411.93,121.51283156,37.43420866,44.84,229.76,3.7944000000000004,5,4.8046875,10
2284.0,370412.03,121.512831,37.43420785,44.84,228.13,4.1148,5,4.75,10
2284.0,370412.13,121.51283046,37.43420699,44.84,226.09,4.2588,5,4.8046875,10
2284.0,370412.24,121.51282979,37.43420592,44.84,223.94,4.0464,5,4.8984375,10
2284.0,370412.34,121.51282915,37.43420496,44.84,222.2,4.053599999999999,5,5.0,10
2284.0,370412.44,121.51282867,37.43420401,44.84,220.25,4.158,5,5.03125,10
2284.0,370412.53,121.51282829,37.43420321,44.84,218.5,3.6323999999999996,5,5.1875,10
2284.0,370412.63,121.51282783,37.43420234,44.84,216.88,3.654,5,5.1484375,10
2284.0,370412.73,121.51282731,37.43420147,44.85,215.07,4.266,5,5.2265625,10
2284.0,370412.84,121.51282672,37.43420049,44.85,212.97,4.2732,5,5.203125,10
2284.0,370412.94,121.51282622,37.43419955,44.87,211.13,4.6368,5,5.203125,10
2284.0,370413.03,121.51282583,37.43419863,44.87,209.51,4.107600000000001,5,5.1875,10
2284.0,370413.13,121.51282541,37.43419759,44.87,208.04,4.4712000000000005,5,5.265625,10
2284.0,370413.23,121.51282516,37.43419644,44.87,206.41,5.0004,5,5.3203125,10
2284.0,370413.34,121.51282504,37.43419512,44.86,204.68,4.9716000000000005,5,5.296875,10
2284.0,370413.44,121.5128249,37.4341939,44.86,203.33,4.7016,5,5.3984375,10
2284.0,370413.53,121.51282471,37.43419283,44.86,202.12,4.3416,5,5.453125,10
2284.0,370413.63,121.51282445,37.43419177,44.86,200.51,4.978800000000001,5,5.5703125,10
2284.0,370413.73,121.51282416,37.43419071,44.86,198.44,4.9068000000000005,5,5.546875,10
2284.0,370413.83,121.51282369,37.43418962,44.87,196.74,4.176,5,5.5703125,10
2284.0,370413.94,121.51282322,37.43418841,44.89,195.23,4.2084,5,5.5859375,10
2284.0,370414.03,121.51282292,37.43418736,44.9,194.23,4.8636,5,5.5859375,10
2284.0,370414.13,121.51282273,37.43418617,44.9,193.07,5.115600000000001,5,5.53125,10
2284.0,370414.23,121.51282255,37.43418489,44.9,192.1,5.6196,5,5.625,10
2284.0,370414.33,121.5128225,37.43418361,44.9,191.15,5.004,5,5.640625,10
2284.0,370414.44,121.51282251,37.43418223,44.9,190.38,4.816800000000001,5,5.6640625,10
2284.0,370414.54,121.5128225,37.43418094,44.91,189.62,5.4036,5,5.6640625,10
2284.0,370414.64,121.51282238,37.43417965,44.9,188.73,5.2884,5,5.6796875,10
2284.0,370414.73,121.51282225,37.43417846,44.9,188.06,5.148,5,5.703125,10
2284.0,370414.83,121.512822,37.43417716,44.91,187.36,5.6844,5,5.703125,10
2284.0,370414.94,121.51282179,37.43417572,44.92,186.48,5.6411999999999995,5,5.7734375,10
2284.0,370415.04,121.51282159,37.43417444,44.91,185.92,4.6476,5,5.796875,10
2284.0,370415.13,121.51282147,37.43417324,44.92,185.85,5.0148,5,5.8125,10
2284.0,370415.23,121.51282145,37.4341719,44.92,185.62,5.9184,5,5.7734375,10
2284.0,370415.33,121.51282169,37.4341707,44.92,185.19,6.4475999999999996,5,5.71875,10
2284.0,370415.43,121.51282195,37.43416931,44.91,184.71,5.4072000000000005,5,5.7578125,10
2284.0,370415.54,121.51282201,37.4341676,44.9,184.58,5.1084000000000005,5,5.8125,10
2284.0,370415.63,121.512822,37.43416633,44.9,184.41,5.5656,5,5.8671875,10
2284.0,370415.73,121.51282214,37.43416502,44.89,183.77,5.695200000000001,5,5.8515625,10
2284.0,370415.83,121.51282204,37.43416363,44.9,183.29,6.058800000000001,5,5.8359375,10
2284.0,370415.93,121.51282197,37.43416226,44.89,182.72,5.6411999999999995,5,5.8671875,10
2284.0,370416.04,121.5128218,37.43416076,44.9,182.25,5.4756,5,5.90625,10
2284.0,370416.14,121.51282165,37.4341594,44.91,182.08,4.8924,5,5.8359375,10
2284.0,370416.23,121.51282169,37.43415824,44.9,182.11,5.5872,5,5.8515625,10
2284.0,370416.33,121.51282186,37.43415688,44.9,181.85,6.2532000000000005,5,5.8515625,10
2284.0,370416.43,121.51282205,37.43415543,44.89,181.51,5.6124,5,5.8515625,10
2284.0,370416.54,121.5128222,37.43415394,44.89,181.33,5.4072000000000005,5,5.8125,10
2284.0,370416.64,121.51282219,37.43415261,44.89,181.27,4.8132,5,5.734375,10
2284.0,370416.73,121.51282209,37.43415134,44.9,181.35,5.6016,5,5.703125,10
2284.0,370416.83,121.51282208,37.43415002,44.9,180.9,6.210000000000001,5,5.71875,10
2284.0,370416.93,121.5128221,37.4341487,44.91,180.54,5.3532,5,5.7578125,10
2284.0,370417.04,121.51282206,37.43414715,44.91,180.59,4.6656,5,5.734375,10
2284.0,370417.14,121.51282205,37.43414575,44.9,180.75,5.5152,5,5.71875,10
2284.0,370417.23,121.51282211,37.43414455,44.9,180.37,6.0192,5,5.71875,10
2284.0,370417.33,121.5128221,37.43414322,44.9,180.18,5.4216,5,5.71875,10
2284.0,370417.43,121.512822,37.43414185,44.9,180.11,5.1192,5,5.6796875,10
2284.0,370417.54,121.51282186,37.43414035,44.91,180.13,5.0112,5,5.640625,10
2284.0,370417.64,121.51282184,37.43413902,44.9,180.03,5.292,5,5.6015625,10
2284.0,370417.73,121.51282197,37.43413789,44.9,179.67,5.6448,5,5.5703125,10
2284.0,370417.83,121.51282211,37.43413652,44.9,179.43,5.2164,5,5.5703125,10
2284.0,370417.93,121.51282225,37.43413518,44.9,179.28,5.0832,5,5.5703125,10
2284.0,370418.03,121.51282232,37.43413388,44.9,179.16,4.7052,5,5.53125,10
2284.0,370418.13,121.51282223,37.43413257,44.9,179.35,5.238,5,5.5078125,10
2284.0,370418.23,121.51282224,37.4341313,44.91,179.22,6.1056,5,5.4140625,10
2284.0,370418.33,121.51282221,37.43413002,44.91,179.16,5.652,5,5.359375,10
2284.0,370418.43,121.51282227,37.4341287,44.91,179.34,4.5756,5,5.3203125,10
2284.0,370418.54,121.51282235,37.43412712,44.91,179.67,4.59,5,5.28125,10
2284.0,370418.64,121.51282256,37.43412586,44.9,179.86,5.13,5,5.2265625,10
2284.0,370418.73,121.51282282,37.43412484,44.91,179.46,5.1372,5,5.265625,10
2284.0,370418.83,121.51282297,37.43412369,44.91,179.41,4.3056,5,5.1484375,10
2284.0,370418.93,121.51282296,37.43412241,44.91,179.51,4.32,5,5.1484375,10
2284.0,370419.03,121.51282295,37.43412119,44.91,179.5,5.1048,5,5.0546875,10
2284.0,370419.14,121.51282304,37.43411994,44.91,179.24,5.4576,5,5.0546875,10
2284.0,370419.23,121.51282308,37.43411887,44.91,179.17,4.2623999999999995,5,5.0,10
2284.0,370419.33,121.51282321,37.43411758,44.91,179.48,4.77,5,4.8984375,10
2284.0,370419.43,121.5128234,37.43411639,44.91,179.57,5.0832,5,4.9609375,10
2284.0,370419.54,121.51282376,37.4341151,44.9,179.66,5.1264,5,4.828125,10
2284.0,370419.64,121.51282404,37.43411393,44.89,179.48,4.572,5,4.8046875,10
2284.0,370419.73,121.51282409,37.43411284,44.9,179.63,4.4316,5,4.7265625,10
2284.0,370419.83,121.51282414,37.43411168,44.9,179.52,4.5072,5,4.65625,10
2284.0,370419.94,121.51282404,37.43411044,44.91,179.4,4.7304,5,4.6953125,10
2284.0,370420.04,121.51282396,37.43410934,44.92,179.21,4.7196,5,4.65625,10
2284.0,370420.13,121.51282385,37.4341083,44.92,179.16,4.024800000000001,5,4.671875,10
2284.0,370420.23,121.51282378,37.43410725,44.92,179.06,4.2084,5,4.65625,10
2284.0,370420.33,121.51282385,37.43410622,44.93,178.81,4.158,5,4.6328125,10
2284.0,370420.43,121.51282389,37.43410516,44.93,178.71,3.8844,5,4.65625,10
2284.0,370420.54,121.51282398,37.43410399,44.93,178.68,4.1868,5,4.6328125,10
2284.0,370420.64,121.51282409,37.43410288,44.93,178.53,4.7052,5,4.6171875,10
2284.0,370420.74,121.51282415,37.43410179,44.93,178.46,4.4928,5,4.6328125,10
2284.0,370420.83,121.5128242,37.43410075,44.93,178.42,4.5360000000000005,5,4.6171875,10
2284.0,370420.93,121.51282419,37.43409961,44.93,178.51,4.1255999999999995,5,4.65625,10
2284.0,370421.04,121.51282422,37.43409841,44.93,178.5,4.4568,5,4.6953125,10
2284.0,370421.14,121.51282427,37.43409737,44.94,178.36,4.1255999999999995,5,4.671875,10
2284.0,370421.23,121.51282433,37.4340964,44.95,178.42,4.5072,5,4.65625,10
2284.0,370421.33,121.51282438,37.43409533,44.94,178.29,4.1472,5,4.6171875,10
2284.0,370421.43,121.51282455,37.43409422,44.94,178.3,4.3272,5,4.65625,10
2284.0,370421.54,121.51282473,37.43409301,44.94,178.3,4.572,5,4.65625,10
2284.0,370421.64,121.51282495,37.43409186,44.93,178.18,4.4316,5,4.671875,10
2284.0,370421.74,121.51282498,37.4340908,44.93,178.15,4.010400000000001,5,4.75,10
2284.0,370421.83,121.51282508,37.43408984,44.93,178.0,4.2984,5,4.765625,10
2284.0,370421.93,121.51282501,37.43408871,44.93,178.02,4.0607999999999995,5,4.828125,10
2284.0,370422.03,121.51282498,37.43408758,44.94,178.18,4.9932,5,4.8828125,10
2284.0,370422.14,121.51282516,37.43408634,44.93,177.91,4.86,5,4.765625,10
2284.0,370422.24,121.51282536,37.4340851,44.93,178.2,4.6224,5,4.7890625,10
2284.0,370422.33,121.51282564,37.43408406,44.93,178.35,4.7952,5,4.75,10
2284.0,370422.43,121.51282599,37.43408285,44.92,178.53,4.662,5,4.7890625,10
2284.0,370422.53,121.51282632,37.43408169,44.92,178.62,5.180400000000001,5,4.8828125,10
2284.0,370422.63,121.51282655,37.43408054,44.91,178.36,4.2156,5,4.828125,10
2284.0,370422.74,121.5128265,37.43407936,44.92,178.44,4.428,5,4.828125,10
2284.0,370422.84,121.51282647,37.43407822,44.92,178.18,4.5684,5,4.765625,10
2284.0,370422.93,121.51282632,37.43407719,44.93,178.25,4.5792,5,4.8828125,10
2284.0,370423.03,121.51282618,37.43407599,44.93,178.47,4.4856,5,4.8671875,10
2284.0,370423.13,121.51282624,37.43407477,44.93,178.65,5.2992,5,4.8671875,10
2284.0,370423.24,121.51282633,37.43407336,44.93,178.74,4.8924,5,4.828125,10
2284.0,370423.34,121.51282647,37.4340722,44.93,178.96,4.453200000000001,5,4.8984375,10
2284.0,370423.43,121.5128266,37.43407118,44.92,179.18,4.3524,5,4.765625,10
2284.0,370423.53,121.51282667,37.43407007,44.92,179.28,4.4964,5,4.8046875,10
2284.0,370423.63,121.51282676,37.43406891,44.92,179.25,4.932,5,4.765625,10
2284.0,370423.74,121.5128268,37.43406767,44.92,179.15,4.453200000000001,5,4.75,10
2284.0,370423.84,121.51282682,37.43406646,44.92,179.35,4.5576,5,4.84375,10
2284.0,370423.93,121.51282688,37.43406539,44.91,179.37,4.6404,5,4.8046875,10
2284.0,370424.03,121.51282695,37.43406422,44.91,179.36,4.6656,5,4.765625,10
2284.0,370424.13,121.51282707,37.43406312,44.9,179.32,4.3848,5,4.7265625,10
2284.0,370424.23,121.5128271,37.43406201,44.91,179.44,4.32,5,4.7265625,10
2284.0,370424.34,121.51282723,37.43406076,44.9,179.43,4.392,5,4.7890625,10
2284.0,370424.44,121.51282731,37.43405964,44.9,179.38,4.2984,5,4.765625,10
2284.0,370424.53,121.51282729,37.43405857,44.9,179.62,4.5576,5,4.7109375,10
2284.0,370424.63,121.51282733,37.43405747,44.9,179.58,4.8996,5,4.6328125,10
2284.0,370424.73,121.51282728,37.43405629,44.9,179.57,4.553999999999999,5,4.6328125,10
2284.0,370424.84,121.51282721,37.43405501,44.9,179.62,4.1903999999999995,5,4.6328125,10
2284.0,370424.94,121.51282708,37.43405381,44.9,179.79,4.644,5,4.7109375,10
2284.0,370425.04,121.51282704,37.43405269,44.9,179.51,4.6944,5,4.6953125,10
2284.0,370425.13,121.51282694,37.43405166,44.9,179.62,4.122,5,4.7265625,10
2284.0,370425.23,121.51282698,37.43405058,44.9,179.64,4.2696,5,4.8671875,10
2284.0,370425.33,121.51282691,37.43404954,44.9,179.69,4.2876,5,4.828125,10
2284.0,370425.44,121.51282692,37.43404832,44.9,179.82,4.6764,5,4.7265625,10
2284.0,370425.54,121.51282694,37.43404723,44.9,179.78,4.1868,5,4.765625,10
2284.0,370425.64,121.51282692,37.43404613,44.89,179.95,4.4208,5,4.75,10
2284.0,370425.73,121.51282692,37.43404512,44.89,179.95,4.6080000000000005,5,4.828125,10
2284.0,370425.83,121.51282694,37.43404397,44.89,180.1,4.467600000000001,5,4.921875,10
2284.0,370425.94,121.51282692,37.43404272,44.89,180.3,4.6296,5,4.828125,10
2284.0,370426.04,121.51282702,37.43404159,44.89,180.19,4.6512,5,4.84375,10
2284.0,370426.14,121.51282706,37.43404044,44.88,180.27,4.5648,5,4.8046875,10
2284.0,370426.23,121.51282713,37.43403938,44.87,180.32,4.5288,5,4.8984375,10
2284.0,370426.33,121.51282717,37.43403826,44.88,180.28,4.5468,5,4.84375,10
2284.0,370426.44,121.51282718,37.43403696,44.87,180.35,4.5288,5,4.84375,10
2284.0,370426.54,121.51282718,37.43403584,44.87,180.39,4.5288,5,4.765625,10
2284.0,370426.64,121.51282708,37.43403464,44.87,180.6,4.7772,5,4.8828125,10
2284.0,370426.73,121.51282705,37.43403361,44.87,180.59,4.6368,5,4.828125,10
2284.0,370426.83,121.51282696,37.43403241,44.87,180.71,4.5360000000000005,5,4.84375,10
2284.0,370426.93,121.51282693,37.43403126,44.87,180.71,4.6476,5,4.84375,10
2284.0,370427.04,121.5128269,37.43402999,44.87,180.69,4.6548,5,4.8984375,10
2284.0,370427.14,121.51282698,37.43402885,44.86,180.68,4.3596,5,4.7890625,10
2284.0,370427.23,121.51282708,37.43402782,44.86,180.87,4.7484,5,4.7890625,10
2284.0,370427.33,121.5128272,37.43402668,44.86,180.93,4.3740000000000006,5,4.7265625,10
2284.0,370427.43,121.5128273,37.43402556,44.86,181.15,4.5936,5,4.671875,10
2284.0,370427.54,121.5128274,37.43402428,44.85,181.19,4.7484,5,4.75,10
2284.0,370427.64,121.51282742,37.43402308,44.85,181.09,4.9176,5,4.7109375,10
2284.0,370427.73,121.51282737,37.43402203,44.85,180.96,4.3272,5,4.7890625,10
2284.0,370427.83,121.51282731,37.43402086,44.85,180.85,4.5828,5,4.75,10
2284.0,370427.93,121.51282726,37.43401976,44.85,180.63,4.5144,5,4.75,10
2284.0,370428.03,121.51282724,37.43401867,44.86,180.54,4.2336,5,4.75,10
2284.0,370428.14,121.51282729,37.43401748,44.85,180.53,4.1544,5,4.7265625,10
2284.0,370428.24,121.51282736,37.43401639,44.85,180.58,4.4892,5,4.6953125,10
2284.0,370428.34,121.51282743,37.43401526,44.85,180.63,4.5828,5,4.765625,10
2284.0,370428.43,121.51282743,37.43401424,44.85,180.82,4.2372000000000005,5,4.7890625,10
2284.0,370428.53,121.51282739,37.43401311,44.85,180.89,4.7628,5,4.75,10
2284.0,370428.64,121.51282729,37.43401183,44.85,180.79,5.13,5,4.7109375,10
2284.0,370428.74,121.51282726,37.43401071,44.85,180.52,4.878,5,4.75,10
2284.0,370428.83,121.51282716,37.4340096,44.85,180.71,4.3056,5,4.75,10
2284.0,370428.93,121.51282711,37.4340084,44.85,180.84,4.5324,5,4.8671875,10
2284.0,370429.03,121.51282711,37.43400727,44.85,180.84,4.6656,5,4.8671875,10
2284.0,370429.14,121.51282715,37.43400605,44.85,180.7,4.7268,5,4.7890625,10
2284.0,370429.24,121.51282715,37.43400486,44.85,180.58,4.572,5,4.8046875,10
2284.0,370429.34,121.51282711,37.43400368,44.85,180.69,4.0968,5,4.75,10
2284.0,370429.43,121.51282716,37.43400267,44.85,180.7,4.7772,5,4.84375,10
2284.0,370429.53,121.51282723,37.43400152,44.85,180.6,5.115600000000001,5,4.8046875,10
2284.0,370429.63,121.5128273,37.43400027,44.84,180.69,4.806,5,4.7890625,10
2284.0,370429.74,121.51282735,37.43399893,44.84,180.79,4.8708,5,4.7890625,10
2284.0,370429.84,121.51282745,37.43399772,44.83,180.79,4.5972,5,4.84375,10
2284.0,370429.94,121.51282753,37.43399656,44.83,180.75,4.7412,5,4.84375,10
2284.0,370430.03,121.51282759,37.43399555,44.83,180.67,4.086,5,4.75,10
2284.0,370430.13,121.51282753,37.43399445,44.83,180.76,4.5288,5,4.765625,10
2284.0,370430.24,121.51282754,37.43399323,44.84,180.54,4.9428,5,4.6953125,10
2284.0,370430.34,121.51282751,37.43399208,44.84,180.34,5.0292,5,4.6328125,10
2284.0,370430.43,121.51282755,37.43399101,44.84,180.24,4.3992,5,4.7265625,10
2284.0,370430.53,121.5128275,37.43398977,44.83,180.35,4.3416,5,4.828125,10
2284.0,370430.64,121.51282756,37.43398857,44.83,180.29,4.7304,5,4.8046875,10
2284.0,370430.74,121.51282762,37.43398747,44.83,180.06,5.0328,5,4.7890625,10
2284.0,370430.83,121.51282765,37.4339865,44.83,179.84,4.1544,5,4.8046875,10
2284.0,370430.93,121.51282758,37.43398532,44.82,180.14,3.9456,5,4.7265625,10
2284.0,370431.03,121.51282763,37.43398418,44.82,180.26,5.0796,5,4.828125,10
2284.0,370431.14,121.5128277,37.43398297,44.82,180.04,4.8708,5,4.828125,10
2284.0,370431.24,121.51282776,37.43398179,44.82,179.97,4.5324,5,4.7265625,10
2284.0,370431.34,121.51282774,37.43398061,44.82,180.06,4.6944,5,4.765625,10
2284.0,370431.43,121.51282775,37.43397957,44.82,180.12,4.5756,5,4.75,10
2284.0,370431.53,121.51282775,37.43397845,44.82,180.07,4.8672,5,4.84375,10
2284.0,370431.64,121.51282771,37.43397712,44.82,180.07,4.8708,5,4.8828125,10
2284.0,370431.74,121.51282774,37.43397598,44.82,180.0,4.05,5,4.8828125,10
2284.0,370431.84,121.51282778,37.43397486,44.81,180.1,4.212,5,4.84375,10
2284.0,370431.93,121.51282788,37.43397391,44.82,179.81,4.9932,5,4.921875,10
2284.0,370432.03,121.51282797,37.43397274,44.81,179.66,4.6728000000000005,5,4.84375,10
2284.0,370432.14,121.5128281,37.43397147,44.81,179.65,4.572,5,4.84375,10
2284.0,370432.24,121.51282824,37.43397029,44.8,179.79,4.6080000000000005,5,4.8046875,10
2284.0,370432.34,121.51282837,37.43396908,44.8,179.9,4.734,5,4.8828125,10
2284.0,370432.44,121.51282853,37.43396788,44.79,179.85,5.058,5,4.8671875,10
2284.0,370432.53,121.51282863,37.4339668,44.78,179.61,4.978800000000001,5,4.8671875,10
2284.0,370432.63,121.51282866,37.43396558,44.78,179.48,4.5936,5,4.8671875,10
2284.0,370432.74,121.51282862,37.43396424,44.78,179.45,4.4784,5,4.9375,10
2284.0,370432.84,121.51282865,37.43396312,44.79,179.29,4.5108,5,4.8671875,10
2284.0,370432.94,121.51282866,37.43396201,44.79,179.19,4.4748,5,4.8671875,10
2284.0,370433.04,121.51282872,37.43396092,44.79,178.94,4.5792,5,4.8671875,10
2284.0,370433.13,121.51282873,37.43395984,44.78,178.91,4.32,5,4.8984375,10
2284.0,370433.23,121.51282877,37.43395874,44.78,178.74,4.3020000000000005,5,4.7890625,10
2284.0,370433.34,121.51282886,37.43395753,44.78,178.69,4.482,5,4.75,10
2284.0,370433.44,121.51282894,37.43395644,44.79,178.54,4.687200000000001,5,4.7109375,10
2284.0,370433.54,121.51282905,37.43395533,44.78,178.43,4.446000000000001,5,4.59375,10
2284.0,370433.63,121.5128291,37.43395429,44.78,178.52,4.244400000000001,5,4.578125,10
2284.0,370433.73,121.51282921,37.43395311,44.78,178.57,4.7376000000000005,5,4.59375,10
2284.0,370433.84,121.5128293,37.43395187,44.79,178.35,4.8852,5,4.7265625,10
2284.0,370433.94,121.51282936,37.43395077,44.78,178.02,4.3488,5,4.765625,10
2284.0,370434.04,121.5128293,37.43394966,44.79,178.01,4.2156,5,4.7890625,10
2284.0,370434.13,121.51282933,37.43394862,44.78,178.01,4.453200000000001,5,4.7109375,10
2284.0,370434.23,121.51282942,37.43394748,44.78,178.06,4.9248,5,4.75,10
2284.0,370434.33,121.5128296,37.43394627,44.78,178.01,5.148,5,4.828125,10
2284.0,370434.44,121.51282984,37.43394491,44.77,178.01,4.8528,5,4.8671875,10
2284.0,370434.54,121.51282999,37.43394371,44.76,177.99,4.59,5,4.921875,10
2284.0,370434.64,121.51283004,37.43394261,44.77,177.87,4.338,5,4.8671875,10
2284.0,370434.73,121.51283005,37.43394164,44.77,177.71,4.1436,5,4.8671875,10
2284.0,370434.83,121.51283002,37.43394056,44.77,177.72,4.7124,5,4.8984375,10
2284.0,370434.94,121.51283007,37.4339393,44.77,177.69,5.0832,5,4.84375,10
2284.0,370435.04,121.51283013,37.43393814,44.77,177.83,4.518,5,4.84375,10
2284.0,370435.14,121.51283034,37.43393696,44.77,177.91,4.986,5,4.7890625,10
2284.0,370435.23,121.51283051,37.43393588,44.77,177.99,4.6979999999999995,5,4.828125,10
2284.0,370435.33,121.51283071,37.4339347,44.77,177.98,4.7628,5,4.84375,10
2284.0,370435.43,121.51283087,37.43393354,44.77,178.01,4.831200000000001,5,4.828125,10
2284.0,370435.54,121.51283099,37.43393225,44.76,178.1,4.5648,5,4.828125,10
2284.0,370435.64,121.51283108,37.4339311,44.77,178.19,4.716,5,4.9375,10
2284.0,370435.74,121.51283111,37.43392993,44.77,178.3,4.788,5,4.921875,10
2284.0,370435.84,121.51283125,37.43392878,44.77,178.18,4.6584,5,4.8828125,10
2284.0,370435.93,121.5128312,37.43392769,44.76,178.39,4.4136,5,4.8671875,10
2284.0,370436.03,121.51283126,37.43392658,44.77,178.27,4.9608,5,4.9609375,10
2284.0,370436.14,121.51283129,37.43392537,44.77,177.95,4.8492,5,4.8984375,10
2284.0,370436.24,121.51283127,37.43392421,44.77,177.83,4.59,5,4.84375,10
2284.0,370436.33,121.51283121,37.43392314,44.77,178.01,4.3704,5,4.828125,10
2284.0,370436.43,121.51283125,37.43392202,44.77,178.14,4.9932,5,4.84375,10
2284.0,370436.53,121.51283137,37.43392085,44.77,178.07,4.9284,5,4.75,10
2284.0,370436.64,121.51283157,37.43391956,44.77,178.11,4.662,5,4.765625,10
2284.0,370436.74,121.51283177,37.43391841,44.77,178.17,4.3992,5,4.7109375,10
2284.0,370436.83,121.51283182,37.43391739,44.78,178.26,4.6979999999999995,5,4.6328125,10
2284.0,370436.93,121.51283201,37.43391626,44.78,178.12,4.8924,5,4.6953125,10
2284.0,370437.03,121.51283198,37.4339151,44.78,178.02,4.395600000000001,5,4.6953125,10
2284.0,370437.14,121.51283198,37.43391381,44.79,177.88,4.7556,5,4.7890625,10
2284.0,370437.24,121.51283195,37.43391264,44.79,177.69,4.4748,5,4.765625,10
2284.0,370437.34,121.51283195,37.4339115,44.79,177.59,4.6044,5,4.75,10
2284.0,370437.44,121.51283204,37.43391042,44.8,177.37,4.158,5,4.765625,10
2284.0,370437.53,121.51283211,37.43390944,44.8,177.26,4.4784,5,4.7109375,10
2284.0,370437.63,121.51283226,37.43390836,44.8,176.99,4.4784,5,4.7265625,10
2284.0,370437.74,121.51283244,37.43390705,44.8,176.85,4.842,5,4.8671875,10
2284.0,370437.84,121.5128326,37.43390585,44.79,176.98,4.464,5,4.84375,10
2284.0,370437.94,121.51283275,37.43390465,44.79,177.16,4.8384,5,4.8984375,10
2284.0,370438.03,121.51283302,37.43390368,44.79,176.85,4.9248,5,4.9375,10
2284.0,370438.13,121.51283313,37.43390258,44.79,176.76,3.9960000000000004,5,4.8828125,10
2284.0,370438.24,121.51283326,37.43390138,44.79,176.61,4.122,5,4.921875,10
2284.0,370438.34,121.51283325,37.43390019,44.79,176.56,4.2372000000000005,5,4.921875,10
2284.0,370438.44,121.51283326,37.43389902,44.8,176.41,5.0904,5,4.9609375,10
2284.0,370438.54,121.51283337,37.43389782,44.79,176.16,4.8636,5,4.9609375,10
2284.0,370438.63,121.51283351,37.43389676,44.8,176.18,4.467600000000001,5,4.8984375,10
2284.0,370438.73,121.51283369,37.43389564,44.8,176.28,4.2192,5,4.9765625,10
2284.0,370438.84,121.51283399,37.4338944,44.8,176.36,4.5936,5,4.8984375,10
2284.0,370438.94,121.51283419,37.43389319,44.79,176.41,4.77,5,4.8671875,10
2284.0,370439.04,121.51283429,37.43389196,44.79,176.45,4.9176,5,5.015625,10
2284.0,370439.13,121.51283434,37.43389087,44.79,176.37,5.1264,5,4.9375,10
2284.0,370439.23,121.51283439,37.43388959,44.79,176.43,5.3568,5,4.921875,10
2284.0,370439.34,121.5128345,37.43388825,44.79,176.6,4.5972,5,5.03125,10
2284.0,370439.44,121.51283476,37.43388711,44.78,176.82,4.4316,5,4.9765625,10
2284.0,370439.54,121.51283503,37.43388597,44.78,176.87,4.6116,5,4.9375,10
2284.0,370439.63,121.51283523,37.43388494,44.77,176.76,4.7916,5,5.0,10
2284.0,370439.73,121.5128354,37.4338838,44.77,176.6,4.5036,5,4.921875,10
2284.0,370439.83,121.51283538,37.43388266,44.78,176.6,4.7268,5,4.8671875,10
2284.0,370439.94,121.51283537,37.43388138,44.79,176.65,4.7196,5,4.921875,10
2284.0,370440.04,121.51283536,37.43388015,44.79,176.87,4.6979999999999995,5,4.84375,10
2284.0,370440.14,121.51283537,37.43387892,44.79,177.15,4.914,5,4.8671875,10
2284.0,370440.23,121.51283557,37.4338779,44.78,177.03,4.6512,5,4.84375,10
2284.0,370440.33,121.51283566,37.43387667,44.78,177.2,4.5468,5,4.8828125,10
2284.0,370440.43,121.51283589,37.43387554,44.78,177.28,4.482,5,4.7890625,10
2284.0,370440.54,121.51283607,37.43387428,44.77,177.39,4.5828,5,4.7890625,10
2284.0,370440.64,121.51283619,37.43387311,44.78,177.44,4.8492,5,4.7265625,10
2284.0,370440.74,121.51283628,37.43387199,44.78,177.27,4.4352,5,4.65625,10
2284.0,370440.83,121.51283632,37.43387097,44.78,177.16,4.2804,5,4.7265625,10
2284.0,370440.93,121.51283617,37.4338698,44.79,177.2,4.5936,5,4.765625,10
2284.0,370441.04,121.51283617,37.43386859,44.79,176.89,4.6979999999999995,5,4.7265625,10
2284.0,370441.14,121.51283608,37.43386749,44.79,176.93,4.2408,5,4.75,10
2284.0,370441.23,121.51283606,37.43386652,44.79,177.21,4.2228,5,4.765625,10
2284.0,370441.33,121.51283618,37.43386548,44.8,177.29,4.6728000000000005,5,4.75,10
2284.0,370441.44,121.51283634,37.43386425,44.79,177.52,4.3272,5,4.7265625,10
2284.0,370441.54,121.51283654,37.43386311,44.79,177.75,4.6296,5,4.7890625,10
2284.0,370441.63,121.51283669,37.43386207,44.79,177.74,4.5216,5,4.7109375,10
2284.0,370441.73,121.51283681,37.43386091,44.79,177.73,4.7772,5,4.765625,10
2284.0,370441.84,121.51283694,37.43385958,44.79,177.8,4.7052,5,4.8046875,10
2284.0,370441.94,121.51283703,37.43385843,44.79,177.9,4.7268,5,4.8671875,10
2284.0,370442.03,121.51283715,37.43385739,44.78,178.09,4.158,5,4.9609375,10
2284.0,370442.13,121.51283723,37.43385625,44.78,178.37,4.5936,5,4.84375,10
2284.0,370442.24,121.51283732,37.433855,44.79,178.33,4.644,5,4.828125,10
2284.0,370442.34,121.51283738,37.4338539,44.78,178.09,4.4964,5,4.8671875,10
2284.0,370442.44,121.51283737,37.43385275,44.79,178.04,4.4028,5,4.8984375,10
2284.0,370442.54,121.51283736,37.43385158,44.79,178.11,4.5108,5,4.8671875,10
2284.0,370442.63,121.51283741,37.43385053,44.79,178.18,4.7052,5,4.828125,10
2284.0,370442.73,121.51283763,37.43384942,44.79,177.96,4.8456,5,4.921875,10
2284.0,370442.84,121.51283778,37.43384812,44.8,177.8,4.3776,5,4.828125,10
2284.0,370442.94,121.51283787,37.43384694,44.79,177.8,4.2408,5,4.84375,10
2284.0,370443.04,121.51283789,37.43384574,44.8,177.84,4.7196,5,4.7890625,10
2284.0,370443.13,121.51283792,37.4338447,44.79,177.67,4.8492,5,4.8671875,10
2284.0,370443.23,121.51283799,37.43384359,44.8,177.55,4.5360000000000005,5,4.8046875,10
2284.0,370443.34,121.51283803,37.43384226,44.8,177.54,4.4712000000000005,5,4.84375,10
2284.0,370443.44,121.51283819,37.43384112,44.8,177.6,4.2696,5,4.8046875,10
2284.0,370443.54,121.51283831,37.43384,44.79,177.67,4.4856,5,4.921875,10
2284.0,370443.63,121.51283851,37.433839,44.8,177.34,4.5828,5,4.8046875,10
2284.0,370443.73,121.51283863,37.43383789,44.8,177.25,4.2264,5,4.7265625,10
2284.0,370443.83,121.51283872,37.43383676,44.8,177.25,4.14,5,4.7265625,10
2284.0,370443.94,121.51283871,37.43383546,44.8,177.26,4.2984,5,4.6953125,10
2284.0,370444.04,121.51283878,37.43383432,44.8,177.11,4.903200000000001,5,4.7109375,10
2284.0,370444.14,121.51283882,37.43383327,44.81,176.74,4.6656,5,4.828125,10
2284.0,370444.23,121.51283882,37.43383228,44.82,176.73,3.8448,5,4.75,10
2284.0,370444.33,121.51283879,37.43383124,44.82,176.73,4.2048,5,4.7265625,10
2284.0,370444.44,121.51283887,37.43383005,44.82,176.59,4.6188,5,4.765625,10
2284.0,370444.54,121.51283901,37.43382895,44.82,176.63,4.6836,5,4.6953125,10
2284.0,370444.64,121.51283927,37.43382775,44.82,176.8,4.6476,5,4.828125,10
2284.0,370444.73,121.51283954,37.43382669,44.81,177.05,4.6080000000000005,5,4.8828125,10
2284.0,370444.83,121.51283991,37.4338255,44.8,177.2,4.888800000000001,5,4.8984375,10
2284.0,370444.93,121.51284015,37.43382435,44.8,177.03,4.6584,5,4.8828125,10
2284.0,370445.04,121.51284027,37.43382311,44.8,176.72,4.4064,5,4.9375,10
2284.0,370445.14,121.51284019,37.43382202,44.81,176.55,4.1868,5,4.8828125,10
2284.0,370445.24,121.51284006,37.43382091,44.82,176.5,4.4928,5,4.8671875,10
2284.0,370445.33,121.51283995,37.43381994,44.83,176.4,4.6224,5,4.9375,10
2284.0,370445.43,121.51283997,37.43381881,44.83,176.3,4.6944,5,4.84375,10
2284.0,370445.54,121.51284006,37.43381737,44.83,176.39,4.752000000000001,5,4.8671875,10
2284.0,370445.64,121.51284024,37.43381611,44.83,176.52,4.9752,5,4.9765625,10
2284.0,370445.74,121.51284047,37.4338149,44.82,176.66,4.7088,5,4.9609375,10
2284.0,370445.83,121.51284072,37.43381383,44.82,176.8,5.0364,5,5.015625,10
2284.0,370445.93,121.51284099,37.43381263,44.81,176.89,5.050800000000001,5,5.015625,10
2284.0,370446.03,121.51284125,37.43381144,44.81,176.92,4.946400000000001,5,4.9609375,10
2284.0,370446.14,121.51284149,37.43381004,44.81,176.94,4.788,5,4.9375,10
2284.0,370446.24,121.51284165,37.4338088,44.81,176.99,4.6259999999999994,5,5.03125,10
2284.0,370446.34,121.51284172,37.4338076,44.81,177.01,4.7016,5,5.0,10
2284.0,370446.43,121.51284186,37.43380649,44.81,176.89,5.1444,5,4.9765625,10
2284.0,370446.53,121.51284186,37.43380531,44.81,176.77,4.6404,5,5.0546875,10
2284.0,370446.64,121.51284187,37.43380392,44.81,176.88,4.759200000000001,5,5.0,10
2284.0,370446.74,121.51284189,37.43380268,44.81,176.94,4.8096000000000005,5,5.109375,10
2284.0,370446.84,121.51284196,37.43380144,44.81,176.98,4.831200000000001,5,5.0546875,10
2284.0,370446.93,121.51284208,37.43380041,44.82,176.85,4.744800000000001,5,5.03125,10
2284.0,370447.03,121.51284221,37.43379924,44.81,176.77,4.3992,5,4.9765625,10
2284.0,370447.14,121.51284228,37.43379794,44.82,176.82,4.7412,5,4.9765625,10
2284.0,370447.24,121.5128424,37.43379676,44.82,176.73,4.5611999999999995,5,5.03125,10
2284.0,370447.34,121.51284247,37.43379558,44.82,176.82,4.932,5,4.8984375,10
2284.0,370447.44,121.51284261,37.43379436,44.82,176.75,4.824000000000001,5,4.9375,10
2284.0,370447.53,121.51284271,37.43379326,44.82,176.92,4.842,5,5.0,10
2284.0,370447.63,121.51284294,37.43379204,44.82,176.83,4.8744000000000005,5,4.921875,10
2284.0,370447.74,121.51284309,37.43379073,44.81,176.84,4.2876,5,4.8984375,10
2284.0,370447.84,121.51284321,37.43378955,44.81,176.98,4.5972,5,4.921875,10
2284.0,370447.94,121.51284333,37.43378844,44.81,176.73,4.9248,5,4.9609375,10
2284.0,370448.04,121.51284345,37.43378727,44.81,176.58,4.8276,5,4.84375,10
2284.0,370448.13,121.51284352,37.43378624,44.81,176.57,4.0644,5,4.8046875,10
2284.0,370448.24,121.51284364,37.43378504,44.81,176.74,4.2912,5,4.7890625,10
2284.0,370448.34,121.51284371,37.43378391,44.81,176.72,4.914,5,4.828125,10
2284.0,370448.44,121.51284378,37.43378271,44.82,176.52,4.7916,5,4.75,10
2284.0,370448.53,121.51284376,37.43378173,44.82,176.43,3.9276,5,4.7265625,10
2284.0,370448.63,121.51284374,37.43378063,44.82,176.38,4.1112,5,4.671875,10
2284.0,370448.74,121.51284368,37.43377944,44.83,176.31,4.5144,5,4.65625,10
2284.0,370448.84,121.51284375,37.43377829,44.83,176.15,4.5396,5,4.6328125,10
2284.0,370448.94,121.51284379,37.43377715,44.83,176.19,4.7808,5,4.7109375,10
2284.0,370449.04,121.51284396,37.43377601,44.82,176.09,4.395600000000001,5,4.8046875,10
2284.0,370449.14,121.51284404,37.43377482,44.83,176.34,4.5468,5,4.8046875,10
2284.0,370449.23,121.51284424,37.43377388,44.83,176.17,4.5252,5,4.765625,10
2284.0,370449.34,121.51284447,37.43377255,44.82,176.27,4.687200000000001,5,4.828125,10
2284.0,370449.44,121.51284469,37.4337714,44.82,176.24,4.7268,5,4.828125,10
2284.0,370449.54,121.51284484,37.43377015,44.81,176.34,4.7484,5,4.9765625,10
2284.0,370449.63,121.51284493,37.43376904,44.81,176.5,4.8924,5,4.9375,10
2284.0,370449.73,121.51284501,37.43376783,44.81,176.55,4.9392000000000005,5,4.921875,10
2284.0,370449.83,121.51284512,37.43376671,44.82,176.46,4.7376000000000005,5,4.9765625,10
2284.0,370449.94,121.51284529,37.43376538,44.82,176.56,4.2623999999999995,5,4.9765625,10
2284.0,370450.04,121.51284544,37.43376422,44.82,176.84,4.543200000000001,5,4.9609375,10
2284.0,370450.14,121.51284565,37.43376307,44.81,176.75,4.6259999999999994,5,4.9609375,10
2284.0,370450.23,121.51284572,37.43376193,44.82,176.85,5.4216,5,4.9765625,10
2284.0,370450.33,121.51284575,37.4337607,44.82,176.67,4.881600000000001,5,5.03125,10
2284.0,370450.44,121.51284568,37.43375934,44.82,176.66,4.8456,5,4.9609375,10
2284.0,370450.54,121.51284559,37.43375813,44.83,176.52,4.9608,5,5.0,10
2284.0,370450.63,121.51284563,37.43375706,44.84,176.46,4.4496,5,5.09375,10
2284.0,370450.73,121.51284565,37.43375591,44.84,176.59,4.6188,5,5.015625,10
2284.0,370450.83,121.51284585,37.43375474,44.83,176.69,4.881600000000001,5,5.015625,10
2284.0,370450.94,121.51284603,37.43375346,44.83,176.87,5.0256,5,5.0,10
2284.0,370451.04,121.51284621,37.43375228,44.82,177.04,4.4388000000000005,5,5.015625,10
2284.0,370451.14,121.51284629,37.43375109,44.83,177.35,5.004,5,5.03125,10
2284.0,370451.23,121.51284641,37.43375001,44.83,177.31,4.615200000000001,5,5.0,10
2284.0,370451.33,121.51284637,37.43374876,44.83,177.58,4.95,5,5.0,10
2284.0,370451.43,121.51284643,37.43374753,44.83,177.48,5.2632,5,5.109375,10
2284.0,370451.54,121.51284632,37.43374618,44.83,177.45,4.8456,5,5.015625,10
2284.0,370451.64,121.5128463,37.43374498,44.83,177.33,4.6116,5,5.015625,10
2284.0,370451.74,121.51284622,37.43374379,44.84,177.33,5.1588,5,4.9609375,10
2284.0,370451.84,121.51284622,37.43374258,44.84,177.16,4.8996,5,4.8828125,10
2284.0,370451.93,121.51284621,37.43374147,44.84,177.39,4.5504,5,4.9765625,10
2284.0,370452.03,121.5128462,37.43374022,44.85,177.71,4.9284,5,4.9609375,10
2284.0,370452.14,121.51284638,37.43373891,44.84,177.78,5.4036,5,4.8984375,10
2284.0,370452.24,121.51284654,37.4337376,44.84,177.75,5.7780000000000005,5,4.9609375,10
2284.0,370452.33,121.51284666,37.43373649,44.83,177.72,4.5396,5,4.9609375,10
2284.0,370452.43,121.51284673,37.43373524,44.83,178.08,4.3740000000000006,5,4.8984375,10
2284.0,370452.54,121.51284681,37.43373399,44.84,178.34,4.460400000000001,5,4.765625,10
2284.0,370452.64,121.51284689,37.43373286,44.84,178.42,4.7664,5,4.84375,10
2284.0,370452.74,121.5128469,37.43373168,44.84,178.57,5.115600000000001,5,4.7265625,10
2284.0,370452.83,121.51284687,37.43373063,44.85,178.56,4.903200000000001,5,4.7109375,10
2284.0,370452.94,121.51284689,37.43372934,44.85,178.56,4.4208,5,4.7265625,10
2284.0,370453.04,121.51284686,37.43372816,44.85,178.77,4.05,5,4.7109375,10
2284.0,370453.14,121.51284676,37.433727,44.86,179.15,4.5828,5,4.7265625,10
2284.0,370453.24,121.5128468,37.43372581,44.86,179.18,4.968,5,4.828125,10
2284.0,370453.33,121.51284682,37.4337248,44.86,179.29,4.338,5,4.921875,10
2284.0,370453.44,121.51284692,37.43372351,44.85,179.51,4.553999999999999,5,4.8828125,10
2284.0,370453.54,121.51284697,37.43372236,44.85,179.62,4.5684,5,4.8984375,10
2284.0,370453.64,121.51284699,37.43372123,44.86,179.49,4.7124,5,5.03125,10
2284.0,370453.73,121.51284691,37.43372021,44.86,179.42,4.1724000000000006,5,4.9375,10
2284.0,370453.83,121.51284683,37.43371907,44.87,179.35,4.842,5,4.9375,10
2284.0,370453.94,121.51284665,37.43371773,44.87,179.37,4.831200000000001,5,5.0703125,10
2284.0,370454.04,121.51284659,37.43371653,44.87,179.34,5.1516,5,5.0546875,10
2284.0,370454.14,121.51284659,37.43371527,44.87,179.44,4.7736,5,5.1328125,10
2284.0,370454.23,121.51284663,37.43371413,44.87,179.52,5.3136,5,5.1328125,10
2284.0,370454.33,121.51284671,37.43371289,44.86,179.36,4.8204,5,5.1640625,10
2284.0,370454.44,121.5128467,37.43371153,44.86,179.5,4.662,5,5.1875,10
2284.0,370454.54,121.51284662,37.43371033,44.87,179.33,4.878,5,5.265625,10
2284.0,370454.64,121.5128465,37.43370914,44.87,179.04,4.8996,5,5.203125,10
2284.0,370454.74,121.51284627,37.43370794,44.88,178.93,4.8456,5,5.203125,10
2284.0,370454.83,121.51284611,37.43370685,44.89,178.87,4.8852,5,5.1484375,10
2284.0,370454.94,121.512846,37.4337055,44.89,178.9,4.9644,5,5.203125,10
2284.0,370455.04,121.51284604,37.43370423,44.89,178.96,5.0868,5,5.1484375,10
2284.0,370455.14,121.51284614,37.43370291,44.89,179.12,5.2164,5,5.203125,10
2284.0,370455.23,121.51284633,37.4337018,44.89,179.1,5.0364,5,5.1875,10
2284.0,370455.33,121.51284655,37.43370047,44.88,179.35,4.8672,5,5.1640625,10
2284.0,370455.44,121.51284683,37.43369912,44.88,179.58,5.2344,5,5.1328125,10
2284.0,370455.54,121.512847,37.43369787,44.88,179.6,5.1012,5,5.0703125,10
2284.0,370455.64,121.5128471,37.43369663,44.88,179.71,4.7772,5,5.0703125,10
2284.0,370455.74,121.51284702,37.43369536,44.89,179.75,4.8924,5,5.0703125,10
2284.0,370455.83,121.51284697,37.43369426,44.89,179.59,5.317200000000001,5,5.09375,10
2284.0,370455.93,121.51284686,37.43369306,44.9,179.28,5.1372,5,5.1640625,10
2284.0,370456.04,121.51284676,37.43369174,44.9,179.13,4.4424,5,5.109375,10
2284.0,370456.14,121.51284662,37.43369051,44.9,179.39,4.3452,5,5.1640625,10
2284.0,370456.24,121.51284665,37.43368938,44.9,179.52,4.888800000000001,5,5.0703125,10
2284.0,370456.33,121.51284671,37.43368835,44.9,179.45,5.238,5,5.09375,10
2284.0,370456.43,121.51284686,37.43368714,44.89,179.47,4.6764,5,4.9609375,10
2284.0,370456.54,121.51284696,37.43368576,44.9,179.65,4.968,5,4.921875,10
2284.0,370456.64,121.51284711,37.43368453,44.89,179.72,4.8528,5,4.9609375,10
2284.0,370456.74,121.51284721,37.43368334,44.89,179.66,4.7664,5,4.9375,10
2284.0,370456.84,121.51284735,37.43368216,44.89,179.59,4.6512,5,4.9609375,10
2284.0,370456.93,121.51284731,37.43368112,44.89,179.58,4.5792,5,4.8984375,10
2284.0,370457.03,121.51284735,37.43367997,44.89,179.53,4.7124,5,4.828125,10
2284.0,370457.14,121.51284729,37.43367873,44.89,179.53,4.5468,5,4.765625,10
2284.0,370457.24,121.51284729,37.43367759,44.9,179.63,4.6331999999999995,5,4.75,10
2284.0,370457.34,121.51284736,37.43367643,44.9,179.64,4.6044,5,4.65625,10
2284.0,370457.44,121.51284754,37.43367524,44.89,179.8,4.896000000000001,5,4.59375,10
2284.0,370457.53,121.51284767,37.43367418,44.89,179.83,4.553999999999999,5,4.59375,10
2284.0,370457.64,121.51284784,37.43367295,44.89,179.88,4.4244,5,4.7109375,10
2284.0,370457.74,121.51284789,37.4336719,44.89,179.8,4.3632,5,4.7890625,10
2284.0,370457.85,121.5128479,37.43367073,44.89,179.63,4.446000000000001,5,4.6953125,10
2284.0,370457.94,121.51284777,37.43366976,44.9,179.59,4.017600000000001,5,4.671875,10
2284.0,370458.03,121.51284774,37.4336688,44.9,179.47,4.3740000000000006,5,4.6953125,10
2284.0,370458.13,121.51284771,37.43366771,44.91,179.43,4.759200000000001,5,4.7265625,10
2284.0,370458.24,121.51284781,37.43366644,44.9,179.45,4.4568,5,4.75,10
2284.0,370458.34,121.5128479,37.43366529,44.91,179.67,4.5864,5,4.9375,10
2284.0,370458.44,121.51284815,37.43366418,44.9,179.64,4.5396,5,4.8828125,10
2284.0,370458.53,121.51284827,37.43366318,44.9,179.67,4.5576,5,4.8671875,10
2284.0,370458.63,121.51284841,37.43366204,44.9,179.55,4.5360000000000005,5,4.8984375,10
2284.0,370458.74,121.51284847,37.43366074,44.9,179.43,4.6296,5,5.0,10
2284.0,370458.84,121.5128485,37.43365952,44.9,179.27,4.881600000000001,5,5.015625,10
2284.0,370458.94,121.51284842,37.43365827,44.9,179.19,4.9428,5,5.109375,10
2284.0,370459.04,121.51284839,37.43365703,44.9,179.14,4.9428,5,5.03125,10
2284.0,370459.14,121.51284842,37.43365588,44.91,178.9,5.1516,5,5.03125,10
2284.0,370459.23,121.51284847,37.43365481,44.91,178.81,4.2696,5,5.0703125,10
2284.0,370459.34,121.51284854,37.43365349,44.91,178.8,4.3488,5,5.0546875,10
2284.0,370459.44,121.5128487,37.43365229,44.91,178.85,4.8744000000000005,5,5.109375,10
2284.0,370459.54,121.51284885,37.43365109,44.91,178.71,5.5152,5,5.109375,10
2284.0,370459.64,121.51284905,37.4336498,44.91,178.44,5.4504,5,5.1328125,10
2284.0,370459.73,121.51284916,37.43364869,44.91,178.45,4.3740000000000006,5,5.1875,10
2284.0,370459.84,121.5128493,37.43364735,44.91,178.62,4.4064,5,5.1875,10
2284.0,370459.94,121.51284941,37.4336461,44.91,178.61,5.1444,5,5.28125,10
2284.0,370460.04,121.51284955,37.43364486,44.91,178.28,5.508,5,5.2265625,10
2284.0,370460.14,121.51284967,37.43364369,44.92,177.92,4.881600000000001,5,5.2421875,10
2284.0,370460.23,121.51284971,37.43364258,44.92,178.03,4.4352,5,5.1640625,10
2284.0,370460.34,121.51284975,37.43364124,44.92,177.88,4.9572,5,5.1875,10
2284.0,370460.44,121.51284983,37.43364001,44.92,177.51,4.95,5,5.1875,10
2284.0,370460.54,121.51284989,37.43363882,44.93,177.4,4.6944,5,5.2421875,10
2284.0,370460.64,121.51285002,37.43363762,44.92,177.29,4.572,5,5.3203125,10
2284.0,370460.74,121.51285006,37.43363638,44.92,177.38,4.842,5,5.28125,10
2284.0,370460.83,121.51285022,37.43363527,44.92,177.14,5.259600000000001,5,5.2421875,10
2284.0,370460.94,121.51285034,37.43363395,44.92,176.92,4.86,5,5.2265625,10
2284.0,370461.04,121.51285038,37.43363271,44.93,176.82,4.8456,5,5.1875,10
2284.0,370461.14,121.51285042,37.43363147,44.93,176.71,4.6692,5,5.296875,10
2284.0,370461.24,121.51285054,37.43363023,44.93,176.64,5.0544,5,5.1875,10
2284.0,370461.33,121.51285072,37.43362914,44.93,176.4,5.094,5,5.203125,10
2284.0,370461.44,121.51285094,37.43362776,44.92,176.35,4.7952,5,5.1640625,10
2284.0,370461.54,121.51285118,37.43362652,44.92,176.38,5.0796,5,5.2421875,10
2284.0,370461.64,121.51285143,37.43362526,44.92,176.25,4.9392000000000005,5,5.1484375,10
2284.0,370461.74,121.5128516,37.433624,44.92,176.21,5.3208,5,5.1328125,10
2284.0,370461.83,121.51285177,37.43362296,44.92,175.81,4.8852,5,5.0703125,10
2284.0,370461.94,121.51285187,37.43362152,44.92,175.82,4.2156,5,5.1484375,10
2284.0,370462.04,121.51285192,37.43362031,44.92,176.1,4.3632,5,5.0546875,10
2284.0,370462.14,121.51285206,37.43361911,44.92,176.13,5.3208,5,5.0703125,10
2284.0,370462.23,121.51285233,37.4336181,44.92,175.68,5.2884,5,5.03125,10
2284.0,370462.33,121.51285245,37.43361672,44.92,175.7,4.5,5,4.9609375,10
2284.0,370462.44,121.51285268,37.43361535,44.92,175.81,4.4964,5,4.921875,10
2284.0,370462.54,121.51285285,37.43361405,44.91,175.92,5.0976,5,4.921875,10
2284.0,370462.64,121.51285302,37.4336128,44.92,175.68,5.3928,5,4.9765625,10
2284.0,370462.74,121.51285316,37.43361161,44.92,175.4,4.572,5,4.9375,10
2284.0,370462.83,121.51285318,37.43361058,44.92,175.35,4.266,5,4.9375,10
2284.0,370462.94,121.51285325,37.43360937,44.92,175.03,4.6080000000000005,5,4.8984375,10
2284.0,370463.04,121.51285334,37.43360823,44.93,174.88,4.6259999999999994,5,4.84375,10
2284.0,370463.14,121.51285347,37.43360706,44.92,174.83,4.453200000000001,5,4.8046875,10
2284.0,370463.24,121.51285366,37.43360592,44.92,174.8,4.644,5,4.75,10
2284.0,370463.33,121.51285387,37.43360494,44.92,174.68,4.572,5,4.7265625,10
2284.0,370463.44,121.51285415,37.4336037,44.92,174.6,4.4172,5,4.8046875,10
2284.0,370463.54,121.51285428,37.43360257,44.92,174.61,4.7196,5,4.8046875,10
2284.0,370463.64,121.51285441,37.43360145,44.91,174.42,4.2804,5,4.7265625,10
2284.0,370463.73,121.51285445,37.43360044,44.92,174.43,4.251600000000001,5,4.6953125,10
2284.0,370463.84,121.51285451,37.43359924,44.92,174.36,4.615200000000001,5,4.7109375,10
2284.0,370463.94,121.51285471,37.43359821,44.93,174.01,4.7952,5,4.7265625,10
2284.0,370464.04,121.51285494,37.4335971,44.92,173.81,4.3632,5,4.6328125,10
2284.0,370464.14,121.51285515,37.43359592,44.92,173.98,4.3848,5,4.75,10
2284.0,370464.23,121.51285537,37.43359482,44.92,174.13,4.9536,5,4.8984375,10
2284.0,370464.34,121.51285572,37.43359365,44.91,173.95,5.04,5,4.8828125,10
2284.0,370464.44,121.51285599,37.43359245,44.91,173.81,4.6728000000000005,5,4.9375,10
2284.0,370464.54,121.51285618,37.43359133,44.91,173.71,4.4208,5,5.0546875,10
2284.0,370464.64,121.51285633,37.43359019,44.91,173.53,4.3632,5,5.015625,10
2284.0,370464.73,121.51285641,37.43358912,44.91,173.49,4.5576,5,4.9609375,10
2284.0,370464.83,121.51285652,37.43358793,44.91,173.25,5.0796,5,5.03125,10
2284.0,370464.94,121.51285671,37.43358661,44.91,172.91,4.986,5,5.015625,10
2284.0,370465.04,121.51285688,37.43358534,44.91,172.89,4.989599999999999,5,5.1640625,10
2284.0,370465.14,121.51285713,37.43358409,44.91,172.79,5.0868,5,5.1484375,10
2284.0,370465.24,121.51285744,37.43358281,44.91,172.72,5.0724,5,5.2421875,10
2284.0,370465.33,121.51285765,37.43358167,44.91,172.68,5.1552,5,5.1640625,10
2284.0,370465.44,121.5128579,37.43358028,44.9,172.56,4.8744000000000005,5,5.2421875,10
2284.0,370465.54,121.51285808,37.43357907,44.91,172.44,5.3208,5,5.203125,10
2284.0,370465.64,121.51285829,37.43357781,44.91,172.23,4.989599999999999,5,5.2265625,10
2284.0,370465.74,121.51285845,37.43357654,44.91,172.31,4.8456,5,5.28125,10
2284.0,370465.84,121.51285867,37.43357528,44.91,172.21,5.1912,5,5.28125,10
2284.0,370465.93,121.51285888,37.4335742,44.91,171.89,5.0364,5,5.3203125,10
